,사고번호,사고일시,요일,시군구,사고내용,사망자수,중상자수,경상자수,부상신고자수,사고유형,법규위반,노면상태,기상상태,도로형태,가해운전자 차종,가해운전자 성별,가해운전자 연령,가해운전자 상해정도,피해운전자 차종,피해운전자 성별,피해운전자 연령,피해운전자 상해정도
340,2018033100100317,2018년 3월 31일 14시,토요일,광주광역시 북구 문흥동,경상사고,0,0,1,0,차대사람 - 기타,안전운전불이행,포장 - 건조,맑음,교차로 - 교차로횡단보도내,승용,여,44세,상해없음,보행자,여,64세,경상
341,2018033100100318,2018년 3월 31일 14시,토요일,광주광역시 광산구 장덕동,경상사고,0,0,1,0,차대사람 - 횡단중,안전운전불이행,포장 - 건조,맑음,단일로 - 기타,승용,남,45세,상해없음,보행자,여,6세,경상
342,2018033100100354,2018년 3월 31일 15시,토요일,광주광역시 서구 유촌동,경상사고,0,0,1,0,차대사람 - 기타,안전운전불이행,포장 - 건조,맑음,단일로 - 기타,승용,남,47세,상해없음,보행자,여,12세,경상
343,2018033100100392,2018년 3월 31일 16시,토요일,광주광역시 서구 쌍촌동,경상사고,0,0,1,0,차대사람 - 보도통행중,보행자보호의무위반,포장 - 건조,맑음,교차로 - 교차로횡단보도내,승용,남,18세,상해없음,보행자,남,27세,경상
344,2018033100100424,2018년 3월 31일 17시,토요일,광주광역시 북구 오치동,중상사고,0,1,0,0,차대사람 - 횡단중,안전운전불이행,포장 - 건조,맑음,단일로 - 기타,승용,남,47세,상해없음,보행자,여,70세,중상
345,2018033100100495,2018년 3월 31일 19시,토요일,광주광역시 광산구 신촌동,경상사고,0,0,1,0,차대사람 - 차도통행중,안전운전불이행,포장 - 건조,맑음,교차로 - 교차로부근,승용,남,57세,상해없음,보행자,여,58세,경상
346,2018040100100412,2018년 4월 1일 20시,일요일,광주광역시 서구 농성동,중상사고,0,1,0,0,차대사람 - 기타,안전운전불이행,포장 - 건조,기타,단일로 - 기타,승용,여,66세,상해없음,보행자,여,81세,중상
347,2018040100100413,2018년 4월 1일 20시,일요일,광주광역시 북구 임동,경상사고,0,0,1,0,차대사람 - 기타,안전운전불이행,포장 - 건조,맑음,단일로 - 기타,승용,남,25세,상해없음,보행자,여,77세,경상
348,2018040200100281,2018년 4월 2일 13시,월요일,광주광역시 북구 우산동,경상사고,0,0,1,0,차대사람 - 횡단중,안전운전불이행,포장 - 건조,맑음,교차로 - 교차로안,승용,여,49세,상해없음,보행자,여,83세,경상
349,2018040200100282,2018년 4월 2일 13시,월요일,광주광역시 광산구 선암동,경상사고,0,0,1,0,차대사람 - 기타,안전운전불이행,포장 - 건조,맑음,교차로 - 교차로부근,승용,남,43세,상해없음,보행자,남,59세,경상
350,2018040200100313,2018년 4월 2일 14시,월요일,광주광역시 광산구 신가동,사망사고,1,0,0,0,차대사람 - 기타,안전운전불이행,포장 - 건조,맑음,교차로 - 교차로횡단보도내,화물,남,40세,기타불명,보행자,남,60세,사망
351,2018040200100390,2018년 4월 2일 16시,월요일,광주광역시 광산구 장덕동,경상사고,0,0,1,0,차대사람 - 기타,안전운전불이행,포장 - 건조,맑음,단일로 - 기타,승용,남,43세,상해없음,보행자,여,7세,경상
352,2018040200100424,2018년 4월 2일 17시,월요일,광주광역시 동구 학동,경상사고,0,0,1,0,차대사람 - 횡단중,안전운전불이행,포장 - 건조,맑음,단일로 - 기타,승용,남,70세,상해없음,보행자,남,58세,경상
353,2018040300100090,2018년 4월 3일 07시,화요일,광주광역시 북구 연제동,경상사고,0,0,1,0,차대사람 - 기타,안전운전불이행,포장 - 건조,맑음,단일로 - 기타,승용,남,62세,상해없음,보행자,여,30세,경상
354,2018040300100123,2018년 4월 3일 08시,화요일,광주광역시 서구 화정동,경상사고,0,0,1,0,차대사람 - 횡단중,신호위반,포장 - 건조,맑음,단일로 - 기타,승합,남,28세,상해없음,보행자,남,9세,경상
355,2018040300100165,2018년 4월 3일 09시,화요일,광주광역시 남구 주월동,경상사고,0,0,1,1,차대사람 - 기타,안전운전불이행,포장 - 건조,맑음,교차로 - 교차로안,승용,여,61세,경상,보행자,남,18세,부상신고
356,2018040300100560,2018년 4월 3일 20시,화요일,광주광역시 북구 북동,사망사고,1,1,0,0,차대사람 - 횡단중,신호위반,포장 - 건조,맑음,교차로 - 교차로안,이륜,남,51세,중상,보행자,여,62세,사망
357,2018040300100587,2018년 4월 3일 21시,화요일,광주광역시 서구 화정동,경상사고,0,0,1,0,차대사람 - 길가장자리구역통행중,안전운전불이행,포장 - 건조,맑음,단일로 - 기타,승용,남,45세,상해없음,보행자,남,44세,경상
358,2018040300100615,2018년 4월 3일 22시,화요일,광주광역시 서구 풍암동,경상사고,0,0,1,0,차대사람 - 기타,안전운전불이행,포장 - 건조,맑음,교차로 - 교차로부근,승용,남,43세,상해없음,보행자,남,61세,경상
359,2018040400100011,2018년 4월 4일 00시,수요일,광주광역시 서구 화정동,경상사고,0,0,1,0,차대사람 - 기타,안전운전불이행,포장 - 젖음/습기,맑음,단일로 - 기타,화물,남,62세,상해없음,보행자,남,23세,경상
360,2018040400100355,2018년 4월 4일 15시,수요일,광주광역시 남구 진월동,경상사고,0,0,1,0,차대사람 - 횡단중,안전운전불이행,포장 - 건조,맑음,교차로 - 교차로안,승용,여,48세,상해없음,보행자,여,56세,경상
361,2018040400100542,2018년 4월 4일 20시,수요일,광주광역시 남구 서동,중상사고,0,1,0,0,차대사람 - 횡단중,안전운전불이행,포장 - 건조,맑음,교차로 - 교차로안,승용,남,26세,상해없음,보행자,남,56세,중상
362,2018040400100574,2018년 4월 4일 21시,수요일,광주광역시 북구 오치동,중상사고,0,1,0,0,차대사람 - 기타,안전운전불이행,포장 - 건조,맑음,단일로 - 기타,승용,여,34세,상해없음,보행자,남,49세,중상
363,2018040400100594,2018년 4월 4일 22시,수요일,광주광역시 남구 진월동,경상사고,0,0,1,0,차대사람 - 횡단중,신호위반,포장 - 건조,맑음,단일로 - 기타,화물,남,46세,상해없음,보행자,남,18세,경상
364,2018040500100300,2018년 4월 5일 14시,목요일,광주광역시 서구 쌍촌동,경상사고,0,0,1,0,차대사람 - 보도통행중,신호위반,포장 - 젖음/습기,비,단일로 - 기타,승용,여,67세,상해없음,보행자,여,77세,경상
365,2018040500100392,2018년 4월 5일 17시,목요일,광주광역시 광산구 신창동,경상사고,0,0,1,0,차대사람 - 기타,안전운전불이행,포장 - 젖음/습기,비,단일로 - 기타,승용,남,31세,상해없음,보행자,여,6세,경상
366,2018040500100593,2018년 4월 5일 21시,목요일,광주광역시 북구 일곡동,중상사고,0,1,0,0,차대사람 - 기타,보행자보호의무위반,포장 - 젖음/습기,비,교차로 - 교차로안,승용,남,21세,상해없음,보행자,남,30세,중상
367,2018040500100595,2018년 4월 5일 21시,목요일,광주광역시 북구 임동,중상사고,0,1,0,0,차대사람 - 횡단중,안전운전불이행,포장 - 젖음/습기,비,교차로 - 교차로안,승용,남,49세,상해없음,보행자,남,43세,중상
368,2018040500100631,2018년 4월 5일 22시,목요일,광주광역시 북구 중흥동,경상사고,0,0,1,0,차대사람 - 길가장자리구역통행중,안전운전불이행,포장 - 젖음/습기,비,단일로 - 기타,승용,남,27세,상해없음,보행자,여,25세,경상
369,2018040500100633,2018년 4월 5일 22시,목요일,광주광역시 광산구 소촌동,경상사고,0,0,1,0,차대사람 - 기타,안전운전불이행,포장 - 젖음/습기,비,단일로 - 기타,승용,여,49세,상해없음,보행자,여,18세,경상
370,2018040600100589,2018년 4월 6일 21시,금요일,광주광역시 북구 용봉동,부상신고사고,0,0,0,1,차대사람 - 기타,안전운전불이행,포장 - 건조,맑음,단일로 - 기타,기타불명,기타불명,미분류,기타불명,보행자,남,35세,부상신고
371,2018040600100617,2018년 4월 6일 22시,금요일,광주광역시 북구 양산동,경상사고,0,0,1,0,차대사람 - 기타,안전운전불이행,포장 - 건조,맑음,단일로 - 기타,승용,여,62세,기타불명,보행자,남,45세,경상
372,2018040600100647,2018년 4월 6일 23시,금요일,광주광역시 서구 치평동,중상사고,0,1,0,0,차대사람 - 횡단중,안전운전불이행,포장 - 건조,맑음,단일로 - 기타,승용,남,37세,상해없음,보행자,남,41세,중상
373,2018040700100041,2018년 4월 7일 01시,토요일,광주광역시 서구 치평동,중상사고,0,1,0,0,차대사람 - 횡단중,안전운전불이행,포장 - 기타,비,교차로 - 교차로부근,승용,남,37세,상해없음,보행자,여,53세,중상
374,2018040700100042,2018년 4월 7일 01시,토요일,광주광역시 북구 신안동,중상사고,0,1,0,0,차대사람 - 횡단중,안전운전불이행,포장 - 건조,맑음,단일로 - 기타,승용,남,50세,상해없음,보행자,여,55세,중상
375,2018040700100426,2018년 4월 7일 16시,토요일,광주광역시 서구 농성동,경상사고,0,0,1,0,차대사람 - 기타,안전운전불이행,포장 - 건조,맑음,단일로 - 기타,승용,여,56세,상해없음,보행자,여,30세,경상
376,2018040700100470,2018년 4월 7일 17시,토요일,광주광역시 동구 대의동,경상사고,0,0,1,0,차대사람 - 기타,안전운전불이행,포장 - 건조,맑음,단일로 - 기타,승용,남,59세,상해없음,보행자,남,20세,경상
377,2018040700100554,2018년 4월 7일 19시,토요일,광주광역시 서구 양동,경상사고,0,0,1,0,차대사람 - 횡단중,안전운전불이행,포장 - 건조,맑음,교차로 - 교차로안,승용,남,38세,상해없음,보행자,여,67세,경상
378,2018040800100390,2018년 4월 8일 18시,일요일,광주광역시 북구 신안동,경상사고,0,0,1,0,차대사람 - 횡단중,보행자보호의무위반,포장 - 건조,맑음,단일로 - 기타,승용,여,38세,기타불명,보행자,여,22세,경상
379,2018040900100036,2018년 4월 9일 04시,월요일,광주광역시 북구 운암동,경상사고,0,0,1,0,차대사람 - 횡단중,신호위반,포장 - 건조,맑음,교차로 - 교차로안,승용,남,48세,상해없음,보행자,남,73세,경상
380,2018040900100122,2018년 4월 9일 08시,월요일,광주광역시 남구 월산동,경상사고,0,0,1,0,차대사람 - 횡단중,안전운전불이행,포장 - 건조,맑음,단일로 - 기타,승용,여,37세,상해없음,보행자,여,7세,경상
381,2018040900100157,2018년 4월 9일 09시,월요일,광주광역시 북구 운암동,경상사고,0,0,1,0,차대사람 - 횡단중,안전운전불이행,포장 - 건조,맑음,교차로 - 교차로부근,승용,남,69세,상해없음,보행자,여,72세,경상
382,2018040900100239,2018년 4월 9일 11시,월요일,광주광역시 남구 방림동,중상사고,0,1,0,0,차대사람 - 횡단중,안전운전불이행,포장 - 건조,맑음,교차로 - 교차로안,승용,여,46세,상해없음,보행자,여,68세,중상
383,2018040900100275,2018년 4월 9일 12시,월요일,광주광역시 광산구 월계동,경상사고,0,0,1,0,차대사람 - 횡단중,보행자보호의무위반,포장 - 건조,맑음,교차로 - 교차로횡단보도내,승용,여,39세,상해없음,보행자,남,54세,경상
384,2018040900100308,2018년 4월 9일 13시,월요일,광주광역시 동구 서석동,경상사고,0,0,2,0,차대사람 - 기타,안전운전불이행,포장 - 건조,맑음,단일로 - 기타,화물,남,18세,상해없음,보행자,남,22세,경상
385,2018040900100555,2018년 4월 9일 19시,월요일,광주광역시 광산구 신가동,중상사고,0,1,0,0,차대사람 - 횡단중,보행자보호의무위반,포장 - 건조,맑음,교차로 - 교차로횡단보도내,승용,여,58세,상해없음,보행자,여,26세,중상
386,2018041000100012,2018년 4월 10일 00시,화요일,광주광역시 남구 봉선동,경상사고,0,0,1,0,차대사람 - 기타,안전운전불이행,포장 - 건조,맑음,교차로 - 교차로부근,승용,남,28세,상해없음,보행자,남,68세,경상
387,2018041000100133,2018년 4월 10일 08시,화요일,광주광역시 북구 동림동,중상사고,0,1,0,0,차대사람 - 횡단중,안전운전불이행,포장 - 건조,맑음,교차로 - 교차로안,승용,남,69세,상해없음,보행자,여,26세,중상
388,2018041000100171,2018년 4월 10일 09시,화요일,광주광역시 남구 백운동,경상사고,0,0,1,0,차대사람 - 기타,안전운전불이행,포장 - 건조,맑음,단일로 - 기타,승용,남,67세,상해없음,보행자,여,57세,경상
389,2018041000100384,2018년 4월 10일 16시,화요일,광주광역시 동구 장동,경상사고,0,0,1,0,차대사람 - 횡단중,보행자보호의무위반,포장 - 건조,맑음,교차로 - 교차로안,승용,여,55세,상해없음,보행자,여,16세,경상
390,2018041000100472,2018년 4월 10일 18시,화요일,광주광역시 서구 농성동,중상사고,0,1,0,0,차대사람 - 기타,안전운전불이행,포장 - 건조,맑음,단일로 - 기타,승용,남,43세,상해없음,보행자,여,4세,중상
391,2018041000100508,2018년 4월 10일 19시,화요일,광주광역시 광산구 신촌동,중상사고,0,1,0,0,차대사람 - 횡단중,신호위반,포장 - 건조,맑음,단일로 - 기타,승용,남,25세,상해없음,보행자,여,46세,중상
392,2018041000100659,2018년 4월 10일 23시,화요일,광주광역시 서구 마륵동,경상사고,0,0,1,0,차대사람 - 횡단중,안전운전불이행,포장 - 건조,맑음,단일로 - 기타,승용,남,64세,상해없음,보행자,여,38세,경상
393,2018041100100246,2018년 4월 11일 12시,수요일,광주광역시 북구 일곡동,경상사고,0,0,1,0,차대사람 - 기타,안전운전불이행,포장 - 건조,맑음,단일로 - 기타,화물,남,32세,상해없음,보행자,여,64세,경상
394,2018041100100306,2018년 4월 11일 14시,수요일,광주광역시 광산구 산월동,경상사고,0,0,1,0,차대사람 - 기타,안전운전불이행,포장 - 건조,맑음,기타 - 기타,자전거,여,67세,상해없음,보행자,여,9세,경상
395,2018041100100384,2018년 4월 11일 16시,수요일,광주광역시 북구 연제동,경상사고,0,0,1,0,차대사람 - 보도통행중,안전운전불이행,포장 - 건조,맑음,단일로 - 기타,승용,여,57세,상해없음,보행자,남,5세,경상
396,2018041200100158,2018년 4월 12일 09시,목요일,광주광역시 서구 치평동,경상사고,0,0,1,0,차대사람 - 횡단중,안전운전불이행,포장 - 건조,맑음,단일로 - 기타,승용,남,69세,상해없음,보행자,여,76세,경상
397,2018041200100261,2018년 4월 12일 12시,목요일,광주광역시 북구 문흥동,중상사고,0,1,0,0,차대사람 - 기타,보행자보호의무위반,포장 - 건조,맑음,교차로 - 교차로안,승용,남,64세,상해없음,보행자,여,69세,중상
398,2018041200100294,2018년 4월 12일 13시,목요일,광주광역시 서구 양동,중상사고,0,1,0,0,차대사람 - 기타,안전운전불이행,포장 - 건조,맑음,교차로 - 교차로부근,승용,여,60세,상해없음,보행자,여,81세,중상
399,2018041200100488,2018년 4월 12일 18시,목요일,광주광역시 동구 산수동,중상사고,0,1,0,0,차대사람 - 횡단중,보행자보호의무위반,포장 - 건조,맑음,교차로 - 교차로횡단보도내,승용,여,50세,상해없음,보행자,여,62세,중상
400,2018041300100099,2018년 4월 13일 07시,금요일,광주광역시 서구 쌍촌동,경상사고,0,0,1,0,차대사람 - 길가장자리구역통행중,안전운전불이행,포장 - 건조,맑음,단일로 - 기타,승용,여,27세,상해없음,보행자,남,31세,경상
401,2018041300100515,2018년 4월 13일 19시,금요일,광주광역시 광산구 운남동,경상사고,0,0,2,0,차대사람 - 횡단중,안전운전불이행,포장 - 건조,맑음,단일로 - 기타,이륜,남,25세,경상,보행자,남,17세,경상
402,2018041300100601,2018년 4월 13일 21시,금요일,광주광역시 광산구 수완동,경상사고,0,0,1,0,차대사람 - 횡단중,보행자보호의무위반,포장 - 건조,맑음,교차로 - 교차로횡단보도내,승용,남,55세,상해없음,보행자,남,24세,경상
403,2018041400100075,2018년 4월 14일 03시,토요일,광주광역시 서구 화정동,사망사고,1,0,3,0,차대사람 - 횡단중,과속,포장 - 젖음/습기,비,교차로 - 교차로부근,승용,남,62세,상해없음,보행자,남,52세,사망
404,2018041400100106,2018년 4월 14일 05시,토요일,광주광역시 광산구 신가동,중상사고,0,1,0,0,차대사람 - 횡단중,안전운전불이행,포장 - 젖음/습기,비,교차로 - 교차로부근,승용,남,66세,상해없음,보행자,남,20세,중상
405,2018041400100194,2018년 4월 14일 09시,토요일,광주광역시 북구 용봉동,경상사고,0,0,1,0,차대사람 - 차도통행중,안전운전불이행,포장 - 젖음/습기,비,단일로 - 기타,승용,남,59세,상해없음,보행자,여,23세,경상
406,2018041400100321,2018년 4월 14일 13시,토요일,광주광역시 서구 쌍촌동,경상사고,0,0,1,0,차대사람 - 횡단중,안전운전불이행,포장 - 젖음/습기,비,교차로 - 교차로안,승용,남,31세,상해없음,보행자,남,3세,경상
407,2018041400100560,2018년 4월 14일 22시,토요일,광주광역시 광산구 소촌동,경상사고,0,0,1,0,차대사람 - 횡단중,안전운전불이행,포장 - 건조,흐림,교차로 - 교차로안,승용,여,47세,상해없음,보행자,여,61세,경상
408,2018041500100056,2018년 4월 15일 04시,일요일,광주광역시 서구 풍암동,경상사고,0,0,2,0,차대사람 - 기타,안전운전불이행,포장 - 건조,맑음,교차로 - 교차로안,승용,남,40세,기타불명,보행자,남,29세,경상
409,2018041500100288,2018년 4월 15일 15시,일요일,광주광역시 서구 금호동,경상사고,0,0,1,0,차대사람 - 횡단중,안전운전불이행,포장 - 건조,맑음,교차로 - 교차로부근,기타불명,기타불명,미분류,기타불명,보행자,남,19세,경상
410,2018041600100180,2018년 4월 16일 09시,월요일,광주광역시 광산구 수완동,경상사고,0,0,1,0,차대사람 - 횡단중,신호위반,포장 - 건조,맑음,교차로 - 교차로부근,승용,남,28세,상해없음,보행자,여,28세,경상
411,2018041600100390,2018년 4월 16일 16시,월요일,광주광역시 북구 우산동,중상사고,0,1,0,0,차대사람 - 횡단중,안전운전불이행,포장 - 건조,맑음,단일로 - 기타,승용,남,61세,상해없음,보행자,여,81세,중상
412,2018041600100391,2018년 4월 16일 16시,월요일,광주광역시 북구 두암동,중상사고,0,1,0,0,차대사람 - 기타,안전운전불이행,포장 - 건조,맑음,단일로 - 기타,화물,남,48세,상해없음,보행자,여,61세,중상
413,2018041600100478,2018년 4월 16일 18시,월요일,광주광역시 광산구 신창동,중상사고,0,1,0,0,차대사람 - 횡단중,안전운전불이행,포장 - 건조,맑음,단일로 - 기타,이륜,남,19세,상해없음,보행자,여,12세,중상
414,2018041700100356,2018년 4월 17일 15시,화요일,광주광역시 광산구 신창동,경상사고,0,0,2,0,차대사람 - 기타,안전운전불이행,포장 - 건조,맑음,기타 - 기타,자전거,남,30세,경상,보행자,여,69세,경상
415,2018041700100394,2018년 4월 17일 16시,화요일,광주광역시 서구 풍암동,경상사고,0,0,1,0,차대사람 - 기타,보행자보호의무위반,포장 - 건조,맑음,교차로 - 교차로횡단보도내,승용,여,51세,상해없음,보행자,여,7세,경상
416,2018041800100211,2018년 4월 18일 10시,수요일,광주광역시 남구 백운동,경상사고,0,0,1,0,차대사람 - 기타,안전운전불이행,포장 - 건조,맑음,단일로 - 기타,승용,여,45세,상해없음,보행자,남,35세,경상
417,2018041800100513,2018년 4월 18일 19시,수요일,광주광역시 북구 연제동,경상사고,0,0,1,0,차대사람 - 횡단중,안전운전불이행,포장 - 건조,맑음,교차로 - 교차로안,승용,남,55세,상해없음,보행자,여,46세,경상
418,2018041800100514,2018년 4월 18일 19시,수요일,광주광역시 북구 문흥동,중상사고,0,1,0,0,차대사람 - 횡단중,안전운전불이행,포장 - 건조,맑음,단일로 - 기타,승용,남,46세,상해없음,보행자,남,59세,중상
419,2018041900100348,2018년 4월 19일 15시,목요일,광주광역시 남구 진월동,경상사고,0,0,2,0,차대사람 - 횡단중,보행자보호의무위반,포장 - 건조,맑음,교차로 - 교차로부근,승용,남,29세,상해없음,보행자,여,19세,경상
420,2018041900100437,2018년 4월 19일 17시,목요일,광주광역시 동구 계림동,부상신고사고,0,0,0,1,차대사람 - 횡단중,보행자보호의무위반,포장 - 건조,맑음,교차로 - 교차로횡단보도내,기타불명,기타불명,미분류,기타불명,보행자,남,12세,부상신고
421,2018041900100612,2018년 4월 19일 23시,목요일,광주광역시 광산구 운남동,중상사고,0,1,0,0,차대사람 - 횡단중,신호위반,포장 - 건조,맑음,교차로 - 교차로횡단보도내,이륜,남,19세,상해없음,보행자,여,23세,중상
422,2018042000100013,2018년 4월 20일 00시,금요일,광주광역시 서구 쌍촌동,사망사고,1,1,0,0,차대사람 - 횡단중,과속,포장 - 건조,맑음,단일로 - 기타,승용,남,41세,상해없음,보행자,여,23세,사망
423,2018042000100027,2018년 4월 20일 01시,금요일,광주광역시 서구 금호동,경상사고,0,0,1,0,차대사람 - 기타,안전운전불이행,포장 - 건조,맑음,단일로 - 기타,기타불명,기타불명,미분류,기타불명,보행자,여,49세,경상
424,2018042000100459,2018년 4월 20일 17시,금요일,광주광역시 광산구 신창동,경상사고,0,0,1,0,차대사람 - 횡단중,안전운전불이행,포장 - 건조,맑음,교차로 - 교차로부근,승용,여,42세,상해없음,보행자,남,5세,경상
425,2018042000100460,2018년 4월 20일 17시,금요일,광주광역시 광산구 월계동,경상사고,0,0,1,0,차대사람 - 횡단중,보행자보호의무위반,포장 - 건조,맑음,교차로 - 교차로횡단보도내,화물,남,63세,상해없음,보행자,여,12세,경상
426,2018042000100596,2018년 4월 20일 20시,금요일,광주광역시 북구 용봉동,경상사고,0,0,1,0,차대사람 - 횡단중,신호위반,포장 - 건조,맑음,단일로 - 기타,승용,여,50세,상해없음,보행자,여,58세,경상
427,2018042100100243,2018년 4월 21일 11시,토요일,광주광역시 광산구 소촌동,경상사고,0,0,1,0,차대사람 - 차도통행중,안전운전불이행,포장 - 건조,맑음,단일로 - 기타,승용,남,68세,상해없음,보행자,남,29세,경상
428,2018042200100373,2018년 4월 22일 19시,일요일,광주광역시 광산구 월곡동,경상사고,0,0,1,0,차대사람 - 기타,안전운전불이행,포장 - 건조,맑음,교차로 - 교차로안,승용,여,55세,상해없음,보행자,여,74세,경상
429,2018042300100096,2018년 4월 23일 07시,월요일,광주광역시 서구 치평동,부상신고사고,0,0,0,1,차대사람 - 횡단중,보행자보호의무위반,포장 - 젖음/습기,비,교차로 - 교차로횡단보도내,승용,남,58세,상해없음,보행자,여,56세,부상신고
430,2018042300100207,2018년 4월 23일 10시,월요일,광주광역시 남구 주월동,중상사고,0,1,0,0,차대사람 - 횡단중,안전운전불이행,포장 - 건조,맑음,단일로 - 기타,승용,남,56세,상해없음,보행자,여,68세,중상
431,2018042400100013,2018년 4월 24일 00시,화요일,광주광역시 북구 운암동,중상사고,0,1,0,0,차대사람 - 횡단중,안전운전불이행,포장 - 건조,흐림,단일로 - 기타,승용,남,31세,상해없음,보행자,남,39세,중상
432,2018042400100050,2018년 4월 24일 04시,화요일,광주광역시 광산구 월곡동,경상사고,0,0,1,0,차대사람 - 차도통행중,안전운전불이행,포장 - 젖음/습기,비,단일로 - 기타,승용,남,34세,상해없음,보행자,남,28세,경상
433,2018042400100265,2018년 4월 24일 12시,화요일,광주광역시 광산구 우산동,경상사고,0,0,1,0,차대사람 - 횡단중,안전운전불이행,포장 - 건조,맑음,교차로 - 교차로횡단보도내,화물,남,52세,상해없음,보행자,여,81세,경상
434,2018042400100447,2018년 4월 24일 17시,화요일,광주광역시 서구 광천동,중상사고,0,1,0,0,차대사람 - 횡단중,보행자보호의무위반,포장 - 건조,맑음,교차로 - 교차로횡단보도내,승합,남,50세,상해없음,보행자,여,17세,중상
435,2018042400100516,2018년 4월 24일 19시,화요일,광주광역시 서구 치평동,경상사고,0,0,1,0,차대사람 - 기타,보행자보호의무위반,포장 - 젖음/습기,흐림,교차로 - 교차로횡단보도내,승용,남,52세,상해없음,보행자,여,30세,경상
436,2018042400100517,2018년 4월 24일 19시,화요일,광주광역시 북구 운암동,중상사고,0,1,0,0,차대사람 - 횡단중,신호위반,포장 - 젖음/습기,비,단일로 - 기타,승용,남,69세,상해없음,보행자,여,58세,중상
437,2018042400100587,2018년 4월 24일 21시,화요일,광주광역시 광산구 송정동,경상사고,0,0,1,0,차대사람 - 횡단중,안전운전불이행,포장 - 젖음/습기,비,교차로 - 교차로안,승용,남,61세,상해없음,보행자,남,47세,경상
438,2018042400100616,2018년 4월 24일 22시,화요일,광주광역시 북구 매곡동,경상사고,0,0,1,0,차대사람 - 횡단중,안전운전불이행,포장 - 젖음/습기,비,단일로 - 기타,승용,남,54세,상해없음,보행자,남,23세,경상
439,2018042500100157,2018년 4월 25일 09시,수요일,광주광역시 북구 우산동,경상사고,0,0,1,0,차대사람 - 기타,안전운전불이행,포장 - 건조,맑음,교차로 - 교차로안,승용,여,68세,상해없음,보행자,남,66세,경상
440,2018042500100246,2018년 4월 25일 12시,수요일,광주광역시 서구 풍암동,경상사고,0,0,1,0,차대사람 - 보도통행중,보행자보호의무위반,포장 - 건조,맑음,교차로 - 교차로횡단보도내,승용,여,46세,상해없음,보행자,여,29세,경상
441,2018042500100321,2018년 4월 25일 14시,수요일,광주광역시 동구 금남로1가,경상사고,0,0,1,0,차대사람 - 보도통행중,기타,포장 - 건조,맑음,단일로 - 기타,원동기,남,13세,상해없음,보행자,남,87세,경상
442,2018042500100399,2018년 4월 25일 16시,수요일,광주광역시 남구 양림동,중상사고,0,1,0,0,차대사람 - 기타,안전운전불이행,포장 - 건조,맑음,교차로 - 교차로안,승용,남,60세,상해없음,보행자,여,84세,중상
443,2018042500100544,2018년 4월 25일 20시,수요일,광주광역시 남구 서동,중상사고,0,1,0,0,차대사람 - 횡단중,안전운전불이행,포장 - 건조,맑음,단일로 - 기타,승용,남,40세,상해없음,보행자,남,79세,중상
444,2018042600100041,2018년 4월 26일 04시,목요일,광주광역시 북구 용두동,중상사고,0,1,0,0,차대사람 - 기타,안전운전불이행,포장 - 건조,맑음,교차로 - 교차로안,승용,남,63세,상해없음,보행자,남,35세,중상
445,2018042600100082,2018년 4월 26일 07시,목요일,광주광역시 남구 백운동,중상사고,0,1,0,0,차대사람 - 횡단중,보행자보호의무위반,포장 - 건조,맑음,교차로 - 교차로부근,승용,여,26세,상해없음,보행자,여,67세,중상
446,2018042600100273,2018년 4월 26일 13시,목요일,광주광역시 서구 화정동,중상사고,0,1,0,0,차대사람 - 횡단중,보행자보호의무위반,포장 - 건조,맑음,단일로 - 기타,승용,여,49세,상해없음,보행자,여,81세,중상
447,2018042600100562,2018년 4월 26일 22시,목요일,광주광역시 서구 치평동,경상사고,0,0,1,0,차대사람 - 기타,안전운전불이행,포장 - 건조,맑음,단일로 - 기타,승용,남,27세,상해없음,보행자,남,48세,경상
448,2018042600100563,2018년 4월 26일 22시,목요일,광주광역시 북구 삼각동,중상사고,0,1,0,0,차대사람 - 차도통행중,안전운전불이행,포장 - 건조,맑음,교차로 - 교차로안,승용,남,46세,상해없음,보행자,남,77세,중상
449,2018042700100344,2018년 4월 27일 15시,금요일,광주광역시 남구 봉선동,경상사고,0,0,1,0,차대사람 - 차도통행중,안전운전불이행,포장 - 건조,맑음,단일로 - 기타,승용,남,70세,상해없음,보행자,여,78세,경상
450,2018042700100431,2018년 4월 27일 17시,금요일,광주광역시 광산구 월계동,중상사고,0,1,0,0,차대사람 - 횡단중,안전운전불이행,포장 - 건조,맑음,단일로 - 기타,화물,남,61세,상해없음,보행자,여,56세,중상
451,2018042700100480,2018년 4월 27일 18시,금요일,광주광역시 남구 주월동,중상사고,0,1,0,0,차대사람 - 기타,보행자보호의무위반,포장 - 건조,맑음,교차로 - 교차로횡단보도내,승용,남,62세,상해없음,보행자,여,5세,중상