,사고번호,사고일시,요일,시군구,사고내용,사망자수,중상자수,경상자수,부상신고자수,사고유형,법규위반,노면상태,기상상태,도로형태,가해운전자 차종,가해운전자 성별,가해운전자 연령,가해운전자 상해정도,피해운전자 차종,피해운전자 성별,피해운전자 연령,피해운전자 상해정도
1240,2018110700100468,2018년 11월 7일 17시,수요일,광주광역시 광산구 월계동,경상사고,0,0,1,0,차대사람 - 차도통행중,안전운전불이행,포장 - 젖음/습기,맑음,단일로 - 기타,이륜,남,42세,상해없음,보행자,남,24세,경상
1241,2018110700100642,2018년 11월 7일 20시,수요일,광주광역시 서구 양동,경상사고,0,0,1,0,차대사람 - 횡단중,안전운전불이행,포장 - 젖음/습기,비,교차로 - 교차로안,승용,남,35세,상해없음,보행자,남,62세,경상
1242,2018110800100021,2018년 11월 8일 00시,목요일,광주광역시 서구 치평동,경상사고,0,0,1,0,차대사람 - 기타,안전운전불이행,포장 - 건조,맑음,단일로 - 기타,승용,여,21세,상해없음,보행자,남,28세,경상
1243,2018110800100333,2018년 11월 8일 13시,목요일,광주광역시 북구 중흥동,경상사고,0,0,1,0,차대사람 - 차도통행중,안전운전불이행,포장 - 젖음/습기,비,단일로 - 기타,승용,여,51세,상해없음,보행자,여,22세,경상
1244,2018110800100392,2018년 11월 8일 15시,목요일,광주광역시 광산구 운수동,경상사고,0,0,1,0,차대사람 - 기타,안전운전불이행,포장 - 젖음/습기,비,단일로 - 기타,승용,남,62세,상해없음,보행자,남,21세,경상
1245,2018110800100724,2018년 11월 8일 20시,목요일,광주광역시 광산구 우산동,경상사고,0,0,1,0,차대사람 - 차도통행중,안전운전불이행,포장 - 건조,맑음,단일로 - 기타,승용,남,59세,상해없음,보행자,남,57세,경상
1246,2018110900100048,2018년 11월 9일 03시,금요일,광주광역시 광산구 신가동,사망사고,1,0,0,0,차대사람 - 차도통행중,안전운전불이행,포장 - 젖음/습기,비,단일로 - 지하차도(도로)내,승용,남,29세,상해없음,보행자,여,19세,사망
1247,2018110900100054,2018년 11월 9일 04시,금요일,광주광역시 서구 화정동,경상사고,0,0,1,0,차대사람 - 횡단중,안전운전불이행,포장 - 건조,맑음,교차로 - 교차로부근,승합,남,46세,상해없음,보행자,여,75세,경상
1248,2018110900100119,2018년 11월 9일 07시,금요일,광주광역시 북구 운암동,중상사고,0,1,0,0,차대사람 - 횡단중,신호위반,포장 - 건조,맑음,교차로 - 교차로횡단보도내,승용,남,70세,상해없음,보행자,여,62세,중상
1249,2018110900100242,2018년 11월 9일 10시,금요일,광주광역시 북구 우산동,경상사고,0,0,1,0,차대사람 - 기타,안전운전불이행,포장 - 건조,맑음,단일로 - 기타,승용,남,52세,상해없음,보행자,남,57세,경상
1250,2018110900100332,2018년 11월 9일 13시,금요일,광주광역시 광산구 신촌동,중상사고,0,1,0,0,차대사람 - 기타,안전운전불이행,포장 - 건조,맑음,단일로 - 기타,승용,남,40세,상해없음,보행자,남,57세,중상
1251,2018110900100656,2018년 11월 9일 20시,금요일,광주광역시 북구 신안동,중상사고,0,1,0,0,차대사람 - 횡단중,보행자보호의무위반,포장 - 건조,맑음,교차로 - 교차로횡단보도내,승용,남,53세,상해없음,보행자,남,31세,중상
1252,2018110900100689,2018년 11월 9일 21시,금요일,광주광역시 광산구 소촌동,경상사고,0,0,1,0,차대사람 - 기타,안전운전불이행,포장 - 건조,맑음,단일로 - 기타,승용,남,53세,상해없음,보행자,여,40세,경상
1253,2018111000100280,2018년 11월 10일 12시,토요일,광주광역시 남구 주월동,중상사고,0,1,0,0,차대사람 - 횡단중,안전운전불이행,포장 - 건조,맑음,단일로 - 기타,승용,남,31세,상해없음,보행자,여,75세,중상
1254,2018111000100668,2018년 11월 10일 22시,토요일,광주광역시 광산구 쌍암동,경상사고,0,0,1,0,차대사람 - 횡단중,안전운전불이행,포장 - 건조,맑음,교차로 - 교차로횡단보도내,승용,여,42세,상해없음,보행자,여,47세,경상
1255,2018111000100692,2018년 11월 10일 23시,토요일,광주광역시 북구 중흥동,경상사고,0,0,1,0,차대사람 - 차도통행중,안전운전불이행,포장 - 건조,맑음,단일로 - 기타,기타불명,기타불명,미분류,기타불명,보행자,남,22세,경상
1256,2018111000100693,2018년 11월 10일 23시,토요일,광주광역시 북구 유동,사망사고,1,0,0,0,차대사람 - 기타,안전운전불이행,포장 - 건조,맑음,단일로 - 기타,승용,남,60세,상해없음,보행자,남,68세,사망
1257,2018111100100324,2018년 11월 11일 17시,일요일,광주광역시 서구 화정동,중상사고,0,1,0,0,차대사람 - 횡단중,신호위반,포장 - 건조,맑음,교차로 - 교차로횡단보도내,승합,남,65세,상해없음,보행자,여,51세,중상
1258,2018111100100364,2018년 11월 11일 18시,일요일,광주광역시 남구 진월동,중상사고,0,1,0,0,차대사람 - 횡단중,보행자보호의무위반,포장 - 젖음/습기,비,단일로 - 기타,승용,남,34세,상해없음,보행자,여,28세,중상
1259,2018111100100366,2018년 11월 11일 18시,일요일,광주광역시 광산구 송정동,경상사고,0,0,1,0,차대사람 - 길가장자리구역통행중,안전운전불이행,포장 - 젖음/습기,비,교차로 - 교차로부근,승합,남,65세,상해없음,보행자,여,19세,경상
1260,2018111100100475,2018년 11월 11일 22시,일요일,광주광역시 북구 문흥동,경상사고,0,0,1,0,차대사람 - 횡단중,보행자보호의무위반,포장 - 젖음/습기,비,교차로 - 교차로안,승용,남,65세,상해없음,보행자,남,25세,경상
1261,2018111100100476,2018년 11월 11일 22시,일요일,광주광역시 북구 용봉동,경상사고,0,0,1,0,차대사람 - 기타,안전운전불이행,포장 - 건조,흐림,단일로 - 기타,승용,남,61세,상해없음,보행자,남,32세,경상
1262,2018111200100129,2018년 11월 12일 08시,월요일,광주광역시 서구 치평동,경상사고,0,0,1,0,차대사람 - 기타,안전운전불이행,포장 - 건조,맑음,교차로 - 교차로안,승용,여,46세,상해없음,보행자,여,87세,경상
1263,2018111200100192,2018년 11월 12일 10시,월요일,광주광역시 북구 용봉동,경상사고,0,0,1,0,차대사람 - 기타,안전운전불이행,포장 - 건조,맑음,단일로 - 기타,승용,여,37세,상해없음,보행자,여,73세,경상
1264,2018111200100281,2018년 11월 12일 13시,월요일,광주광역시 서구 양동,경상사고,0,0,1,0,차대사람 - 차도통행중,안전운전불이행,포장 - 건조,맑음,단일로 - 기타,승용,남,70세,상해없음,보행자,남,78세,경상
1265,2018111200100586,2018년 11월 12일 21시,월요일,광주광역시 서구 금호동,중상사고,0,1,0,0,차대사람 - 기타,안전운전불이행,포장 - 건조,맑음,단일로 - 기타,승용,여,48세,상해없음,보행자,여,82세,중상
1266,2018111200100605,2018년 11월 12일 22시,월요일,광주광역시 남구 봉선동,중상사고,0,2,0,0,차대사람 - 차도통행중,교차로운행방법위반,포장 - 건조,맑음,교차로 - 교차로안,승용,남,49세,상해없음,보행자,남,45세,중상
1267,2018111200100606,2018년 11월 12일 22시,월요일,광주광역시 광산구 우산동,경상사고,0,0,1,0,차대사람 - 기타,안전운전불이행,포장 - 건조,맑음,교차로 - 교차로안,기타불명,기타불명,미분류,기타불명,보행자,여,19세,경상
1268,2018111300100138,2018년 11월 13일 08시,화요일,광주광역시 남구 월산동,경상사고,0,0,1,0,차대사람 - 횡단중,안전운전불이행,포장 - 건조,맑음,단일로 - 기타,승합,남,49세,상해없음,보행자,여,8세,경상
1269,2018111300100445,2018년 11월 13일 17시,화요일,광주광역시 동구 학동,경상사고,0,0,2,0,차대사람 - 기타,신호위반,포장 - 건조,맑음,단일로 - 기타,화물,남,53세,상해없음,보행자,남,25세,경상
1270,2018111300100499,2018년 11월 13일 18시,화요일,광주광역시 서구 풍암동,경상사고,0,0,1,0,차대사람 - 횡단중,보행자보호의무위반,포장 - 건조,맑음,단일로 - 기타,승용,여,50세,상해없음,보행자,남,8세,경상
1271,2018111400100077,2018년 11월 14일 07시,수요일,광주광역시 남구 주월동,중상사고,0,1,0,0,차대사람 - 기타,안전운전불이행,포장 - 건조,맑음,단일로 - 기타,화물,남,46세,상해없음,보행자,여,82세,중상
1272,2018111400100671,2018년 11월 14일 21시,수요일,광주광역시 북구 운암동,경상사고,0,0,1,0,차대사람 - 횡단중,안전운전불이행,포장 - 건조,맑음,단일로 - 기타,화물,남,44세,상해없음,보행자,남,24세,경상
1273,2018111500100018,2018년 11월 15일 01시,목요일,광주광역시 남구 주월동,중상사고,0,1,0,0,차대사람 - 횡단중,안전운전불이행,포장 - 건조,맑음,교차로 - 교차로안,승용,남,23세,상해없음,보행자,여,44세,중상
1274,2018111500100497,2018년 11월 15일 18시,목요일,광주광역시 광산구 연산동,사망사고,1,0,0,0,차대사람 - 횡단중,안전운전불이행,포장 - 건조,맑음,교차로 - 교차로부근,승용,남,60세,상해없음,보행자,남,85세,사망
1275,2018111500100622,2018년 11월 15일 22시,목요일,광주광역시 서구 치평동,중상사고,0,1,0,0,차대사람 - 기타,안전운전불이행,포장 - 건조,맑음,교차로 - 교차로부근,승용,남,38세,상해없음,보행자,남,58세,중상
1276,2018111500100623,2018년 11월 15일 22시,목요일,광주광역시 북구 우산동,중상사고,0,1,0,0,차대사람 - 횡단중,안전운전불이행,포장 - 건조,맑음,교차로 - 교차로횡단보도내,승용,남,31세,상해없음,보행자,남,62세,중상
1277,2018111600100319,2018년 11월 16일 14시,금요일,광주광역시 북구 두암동,경상사고,0,0,1,0,차대사람 - 기타,안전운전불이행,포장 - 건조,맑음,단일로 - 기타,승용,남,61세,상해없음,보행자,남,47세,경상
1278,2018111600100427,2018년 11월 16일 17시,금요일,광주광역시 광산구 월계동,경상사고,0,0,1,0,차대사람 - 길가장자리구역통행중,안전운전불이행,포장 - 건조,맑음,단일로 - 기타,승용,남,21세,상해없음,보행자,남,17세,경상
1279,2018111600100540,2018년 11월 16일 19시,금요일,광주광역시 동구 운림동,중상사고,0,1,1,0,차대사람 - 횡단중,신호위반,포장 - 건조,맑음,교차로 - 교차로안,승용,여,47세,상해없음,보행자,여,37세,경상
1280,2018111600100544,2018년 11월 16일 19시,금요일,광주광역시 동구 산수동,경상사고,0,0,1,0,차대사람 - 기타,안전운전불이행,포장 - 건조,맑음,단일로 - 기타,승용,남,51세,상해없음,보행자,남,72세,경상
1281,2018111600100545,2018년 11월 16일 19시,금요일,광주광역시 북구 용봉동,경상사고,0,0,2,0,차대사람 - 기타,안전운전불이행,포장 - 건조,흐림,단일로 - 기타,이륜,남,20세,상해없음,보행자,남,24세,경상
1282,2018111700100288,2018년 11월 17일 12시,토요일,광주광역시 동구 산수동,경상사고,0,0,1,0,차대사람 - 횡단중,안전운전불이행,포장 - 건조,맑음,단일로 - 기타,기타불명,기타불명,미분류,기타불명,보행자,남,27세,경상
1283,2018111700100331,2018년 11월 17일 13시,토요일,광주광역시 남구 주월동,경상사고,0,0,1,0,차대사람 - 기타,보행자보호의무위반,포장 - 건조,맑음,교차로 - 교차로안,승용,남,22세,상해없음,보행자,남,10세,경상
1284,2018111700100367,2018년 11월 17일 14시,토요일,광주광역시 북구 오룡동,중상사고,0,1,0,0,차대사람 - 횡단중,안전운전불이행,포장 - 건조,맑음,교차로 - 교차로부근,승용,여,23세,상해없음,보행자,여,57세,중상
1285,2018111700100473,2018년 11월 17일 17시,토요일,광주광역시 서구 화정동,경상사고,0,0,1,0,차대사람 - 횡단중,안전운전불이행,포장 - 건조,맑음,단일로 - 기타,승용,남,57세,상해없음,보행자,여,58세,경상
1286,2018111700100526,2018년 11월 17일 18시,토요일,광주광역시 북구 일곡동,중상사고,0,1,0,0,차대사람 - 횡단중,안전운전불이행,포장 - 건조,맑음,교차로 - 교차로횡단보도내,이륜,남,16세,상해없음,보행자,남,55세,중상
1287,2018111800100332,2018년 11월 18일 18시,일요일,광주광역시 서구 치평동,경상사고,0,0,1,0,차대사람 - 기타,안전운전불이행,포장 - 건조,맑음,단일로 - 기타,승용,남,54세,상해없음,보행자,여,38세,경상
1288,2018111800100418,2018년 11월 18일 21시,일요일,광주광역시 서구 화정동,경상사고,0,0,2,0,차대사람 - 횡단중,보행자보호의무위반,포장 - 건조,맑음,교차로 - 교차로횡단보도내,승용,남,39세,상해없음,보행자,여,24세,경상
1289,2018111900100140,2018년 11월 19일 09시,월요일,광주광역시 서구 쌍촌동,경상사고,0,0,1,0,차대사람 - 기타,안전운전불이행,포장 - 건조,맑음,단일로 - 기타,승합,남,48세,기타불명,보행자,여,24세,경상
1290,2018111900100142,2018년 11월 19일 09시,월요일,광주광역시 광산구 흑석동,경상사고,0,0,1,0,차대사람 - 기타,안전운전불이행,포장 - 건조,맑음,단일로 - 기타,승용,남,52세,상해없음,보행자,남,37세,경상
1291,2018111900100171,2018년 11월 19일 10시,월요일,광주광역시 동구 학동,경상사고,0,0,1,0,차대사람 - 횡단중,보행자보호의무위반,포장 - 건조,맑음,단일로 - 기타,승용,남,41세,상해없음,보행자,남,84세,경상
1292,2018111900100173,2018년 11월 19일 10시,월요일,광주광역시 광산구 송정동,중상사고,0,1,0,0,차대사람 - 횡단중,안전운전불이행,포장 - 건조,맑음,교차로 - 교차로안,승용,여,40세,상해없음,보행자,여,80세,중상
1293,2018111900100200,2018년 11월 19일 11시,월요일,광주광역시 서구 화정동,경상사고,0,0,1,0,차대사람 - 횡단중,보행자보호의무위반,포장 - 건조,맑음,교차로 - 교차로부근,화물,남,68세,상해없음,보행자,여,42세,경상
1294,2018111900100335,2018년 11월 19일 15시,월요일,광주광역시 북구 운암동,경상사고,0,0,1,0,차대사람 - 차도통행중,안전운전불이행,포장 - 건조,맑음,단일로 - 기타,승용,남,29세,상해없음,보행자,여,51세,경상
1295,2018111900100336,2018년 11월 19일 15시,월요일,광주광역시 북구 중흥동,경상사고,0,0,1,0,차대사람 - 기타,안전운전불이행,포장 - 건조,맑음,교차로 - 교차로부근,승합,남,49세,상해없음,보행자,남,60세,경상
1296,2018111900100476,2018년 11월 19일 18시,월요일,광주광역시 서구 마륵동,경상사고,0,0,1,0,차대사람 - 기타,안전운전불이행,포장 - 건조,맑음,단일로 - 기타,승용,남,53세,상해없음,보행자,남,63세,경상
1297,2018111900100510,2018년 11월 19일 19시,월요일,광주광역시 북구 양산동,경상사고,0,0,1,0,차대사람 - 횡단중,신호위반,포장 - 건조,맑음,교차로 - 교차로횡단보도내,승용,남,35세,상해없음,보행자,여,55세,경상
1298,2018111900100571,2018년 11월 19일 21시,월요일,광주광역시 북구 용봉동,경상사고,0,0,1,0,차대사람 - 기타,안전운전불이행,포장 - 건조,맑음,교차로 - 교차로안,승용,남,66세,상해없음,보행자,남,45세,경상
1299,2018111900100602,2018년 11월 19일 23시,월요일,광주광역시 북구 우산동,경상사고,0,0,1,0,차대사람 - 기타,안전운전불이행,포장 - 건조,흐림,단일로 - 기타,승용,남,60세,상해없음,보행자,남,34세,경상
1300,2018112000100115,2018년 11월 20일 08시,화요일,광주광역시 북구 삼각동,사망사고,1,0,0,0,차대사람 - 기타,안전운전불이행,포장 - 건조,맑음,단일로 - 기타,승합,남,54세,상해없음,보행자,여,76세,사망
1301,2018112000100278,2018년 11월 20일 13시,화요일,광주광역시 동구 학동,중상사고,0,1,0,1,차대사람 - 횡단중,신호위반,포장 - 건조,맑음,단일로 - 기타,승용,남,41세,상해없음,보행자,남,22세,중상
1302,2018112000100456,2018년 11월 20일 17시,화요일,광주광역시 광산구 송정동,중상사고,0,1,0,0,차대사람 - 차도통행중,안전운전불이행,포장 - 건조,맑음,단일로 - 기타,승용,남,71세,상해없음,보행자,여,13세,중상
1303,2018112100100028,2018년 11월 21일 01시,수요일,광주광역시 서구 내방동,경상사고,0,0,1,0,차대사람 - 차도통행중,신호위반,포장 - 건조,흐림,단일로 - 기타,승용,남,53세,상해없음,보행자,남,30세,경상
1304,2018112100100477,2018년 11월 21일 18시,수요일,광주광역시 북구 문흥동,중상사고,0,1,0,0,차대사람 - 횡단중,안전운전불이행,포장 - 건조,맑음,단일로 - 기타,승용,남,38세,상해없음,보행자,남,14세,중상
1305,2018112100100519,2018년 11월 21일 19시,수요일,광주광역시 북구 임동,중상사고,0,1,0,0,차대사람 - 기타,신호위반,포장 - 건조,맑음,단일로 - 기타,승용,남,77세,상해없음,보행자,남,54세,중상
1306,2018112100100520,2018년 11월 21일 19시,수요일,광주광역시 광산구 운남동,경상사고,0,0,1,0,차대사람 - 기타,안전운전불이행,포장 - 건조,맑음,단일로 - 기타,승용,여,25세,상해없음,보행자,남,67세,경상
1307,2018112200100144,2018년 11월 22일 08시,목요일,광주광역시 동구 산수동,중상사고,0,1,0,0,차대사람 - 횡단중,신호위반,포장 - 건조,맑음,교차로 - 교차로안,승합,남,65세,상해없음,보행자,여,12세,중상
1308,2018112200100145,2018년 11월 22일 08시,목요일,광주광역시 북구 두암동,중상사고,0,1,0,0,차대사람 - 횡단중,보행자보호의무위반,포장 - 건조,맑음,단일로 - 기타,승용,여,53세,상해없음,보행자,남,7세,중상
1309,2018112200100262,2018년 11월 22일 11시,목요일,광주광역시 북구 유동,경상사고,0,0,1,0,차대사람 - 기타,안전운전불이행,포장 - 건조,맑음,단일로 - 기타,승용,여,37세,상해없음,보행자,남,36세,경상
1310,2018112200100486,2018년 11월 22일 17시,목요일,광주광역시 동구 산수동,경상사고,0,0,1,0,차대사람 - 길가장자리구역통행중,안전운전불이행,포장 - 건조,맑음,단일로 - 기타,승용,여,55세,상해없음,보행자,남,55세,경상
1311,2018112200100549,2018년 11월 22일 18시,목요일,광주광역시 북구 중흥동,경상사고,0,0,1,0,차대사람 - 횡단중,보행자보호의무위반,포장 - 건조,맑음,단일로 - 기타,승용,여,55세,기타불명,보행자,여,19세,경상
1312,2018112200100679,2018년 11월 22일 23시,목요일,광주광역시 서구 치평동,중상사고,0,2,0,0,차대사람 - 횡단중,안전운전불이행,포장 - 건조,기타,단일로 - 기타,승용,여,35세,상해없음,보행자,남,38세,중상
1313,2018112300100075,2018년 11월 23일 06시,금요일,광주광역시 광산구 송정동,경상사고,0,0,1,0,차대사람 - 기타,안전운전불이행,포장 - 건조,맑음,단일로 - 기타,승용,남,54세,상해없음,보행자,남,36세,경상
1314,2018112300100286,2018년 11월 23일 12시,금요일,광주광역시 북구 용두동,중상사고,0,1,0,0,차대사람 - 횡단중,안전운전불이행,포장 - 건조,맑음,단일로 - 기타,승용,여,34세,상해없음,보행자,남,2세,중상
1315,2018112300100321,2018년 11월 23일 13시,금요일,광주광역시 서구 농성동,경상사고,0,0,1,0,차대사람 - 횡단중,안전운전불이행,포장 - 건조,맑음,단일로 - 기타,승용,여,38세,상해없음,보행자,여,83세,경상
1316,2018112300100354,2018년 11월 23일 14시,금요일,광주광역시 광산구 비아동,경상사고,0,0,1,0,차대사람 - 횡단중,안전운전불이행,포장 - 건조,맑음,단일로 - 기타,기타불명,기타불명,미분류,기타불명,보행자,남,19세,경상
1317,2018112300100388,2018년 11월 23일 15시,금요일,광주광역시 남구 주월동,경상사고,0,0,1,0,차대사람 - 차도통행중,안전운전불이행,포장 - 건조,맑음,단일로 - 기타,승용,남,66세,상해없음,보행자,여,60세,경상
1318,2018112300100487,2018년 11월 23일 17시,금요일,광주광역시 서구 풍암동,경상사고,0,0,1,0,차대사람 - 기타,안전운전불이행,포장 - 건조,맑음,교차로 - 교차로부근,화물,남,47세,상해없음,보행자,여,10세,경상
1319,2018112300100616,2018년 11월 23일 19시,금요일,광주광역시 광산구 신가동,경상사고,0,0,1,0,차대사람 - 기타,기타,비포장 - 건조,맑음,기타 - 기타,승용,남,56세,상해없음,보행자,남,44세,경상
1320,2018112300100689,2018년 11월 23일 21시,금요일,광주광역시 동구 황금동,경상사고,0,0,1,0,차대사람 - 기타,안전운전불이행,포장 - 건조,맑음,단일로 - 기타,승용,남,19세,상해없음,보행자,남,24세,경상
1321,2018112300100734,2018년 11월 23일 23시,금요일,광주광역시 남구 백운동,경상사고,0,0,1,0,차대사람 - 길가장자리구역통행중,안전운전불이행,포장 - 기타,안개,단일로 - 기타,기타불명,기타불명,미분류,기타불명,보행자,여,56세,경상
1322,2018112400100128,2018년 11월 24일 06시,토요일,광주광역시 서구 쌍촌동,경상사고,0,0,1,0,차대사람 - 기타,안전운전불이행,포장 - 건조,맑음,교차로 - 교차로부근,승용,남,54세,상해없음,보행자,남,24세,경상
1323,2018112400100129,2018년 11월 24일 06시,토요일,광주광역시 광산구 비아동,중상사고,0,1,0,0,차대사람 - 기타,보행자보호의무위반,포장 - 건조,맑음,교차로 - 교차로횡단보도내,승용,여,64세,상해없음,보행자,남,64세,중상
1324,2018112400100241,2018년 11월 24일 09시,토요일,광주광역시 동구 학동,중상사고,0,1,0,0,차대사람 - 횡단중,안전운전불이행,포장 - 젖음/습기,비,교차로 - 교차로횡단보도내,승용,여,41세,상해없음,보행자,여,64세,중상
1325,2018112400100310,2018년 11월 24일 11시,토요일,광주광역시 동구 계림동,중상사고,0,1,0,0,차대사람 - 기타,기타,포장 - 건조,맑음,단일로 - 기타,승합,남,52세,상해없음,보행자,여,74세,중상
1326,2018112400100340,2018년 11월 24일 12시,토요일,광주광역시 서구 화정동,중상사고,0,1,0,0,차대사람 - 횡단중,보행자보호의무위반,포장 - 건조,맑음,단일로 - 기타,승용,남,83세,상해없음,보행자,남,20세,중상
1327,2018112400100583,2018년 11월 24일 19시,토요일,광주광역시 서구 치평동,중상사고,0,1,0,0,차대사람 - 기타,안전운전불이행,포장 - 건조,맑음,단일로 - 기타,승용,남,57세,상해없음,보행자,남,72세,중상
1328,2018112400100622,2018년 11월 24일 20시,토요일,광주광역시 남구 송하동,경상사고,0,0,1,0,차대사람 - 기타,신호위반,포장 - 건조,맑음,단일로 - 기타,승용,여,56세,상해없음,보행자,남,59세,경상
1329,2018112500100049,2018년 11월 25일 04시,일요일,광주광역시 북구 신안동,중상사고,0,1,0,0,차대사람 - 횡단중,보행자보호의무위반,포장 - 건조,맑음,교차로 - 교차로횡단보도내,승용,남,56세,상해없음,보행자,남,74세,중상
1330,2018112500100339,2018년 11월 25일 18시,일요일,광주광역시 서구 금호동,경상사고,0,0,1,0,차대사람 - 차도통행중,안전운전불이행,포장 - 건조,맑음,단일로 - 기타,기타불명,기타불명,미분류,기타불명,보행자,남,19세,경상
1331,2018112500100371,2018년 11월 25일 19시,일요일,광주광역시 북구 일곡동,중상사고,0,1,0,0,차대사람 - 길가장자리구역통행중,안전운전불이행,포장 - 건조,맑음,단일로 - 기타,기타불명,기타불명,미분류,기타불명,보행자,남,9세,중상
1332,2018112600100011,2018년 11월 26일 00시,월요일,광주광역시 북구 문흥동,경상사고,0,0,1,0,차대사람 - 기타,안전운전불이행,포장 - 건조,맑음,단일로 - 기타,화물,남,55세,상해없음,보행자,남,55세,경상
1333,2018112600100434,2018년 11월 26일 16시,월요일,광주광역시 광산구 산월동,경상사고,0,0,1,0,차대사람 - 횡단중,신호위반,포장 - 건조,맑음,단일로 - 기타,승용,남,26세,상해없음,보행자,여,10세,경상
1334,2018112600100471,2018년 11월 26일 17시,월요일,광주광역시 남구 월산동,중상사고,0,1,0,0,차대사람 - 횡단중,안전운전불이행,포장 - 건조,맑음,단일로 - 기타,화물,남,50세,상해없음,보행자,여,72세,중상
1335,2018112600100654,2018년 11월 26일 23시,월요일,광주광역시 북구 운암동,경상사고,0,0,1,0,차대사람 - 기타,안전운전불이행,포장 - 건조,흐림,단일로 - 기타,기타불명,기타불명,미분류,기타불명,보행자,여,39세,경상
1336,2018112700100044,2018년 11월 27일 05시,화요일,광주광역시 북구 장등동,경상사고,0,0,1,0,차대사람 - 기타,안전운전불이행,포장 - 건조,맑음,기타 - 기타,승용,남,63세,상해없음,보행자,남,59세,경상
1337,2018112700100301,2018년 11월 27일 14시,화요일,광주광역시 서구 풍암동,중상사고,0,1,0,0,차대사람 - 차도통행중,안전운전불이행,포장 - 건조,맑음,단일로 - 기타,승용,여,37세,기타불명,보행자,여,87세,중상
1338,2018112700100467,2018년 11월 27일 18시,화요일,광주광역시 북구 문흥동,경상사고,0,0,1,0,차대사람 - 기타,안전운전불이행,포장 - 건조,맑음,단일로 - 기타,승용,여,46세,기타불명,보행자,남,10세,경상
1339,2018112700100468,2018년 11월 27일 18시,화요일,광주광역시 광산구 신가동,부상신고사고,0,0,0,1,차대사람 - 횡단중,안전운전불이행,포장 - 건조,맑음,단일로 - 기타,승용,남,50세,상해없음,보행자,여,8세,부상신고
1340,2018112800100493,2018년 11월 28일 18시,수요일,광주광역시 북구 연제동,경상사고,0,0,3,0,차대사람 - 기타,보행자보호의무위반,포장 - 건조,맑음,교차로 - 교차로부근,승용,남,61세,상해없음,보행자,여,37세,경상
1341,2018112800100494,2018년 11월 28일 18시,수요일,광주광역시 북구 두암동,부상신고사고,0,0,0,1,차대사람 - 기타,안전운전불이행,포장 - 건조,맑음,단일로 - 기타,승용,남,27세,상해없음,보행자,남,69세,부상신고
1342,2018112900100149,2018년 11월 29일 09시,목요일,광주광역시 서구 화정동,경상사고,0,0,1,0,차대사람 - 횡단중,보행자보호의무위반,포장 - 건조,맑음,교차로 - 교차로횡단보도내,승용,남,29세,상해없음,보행자,여,75세,경상
1343,2018112900100200,2018년 11월 29일 11시,목요일,광주광역시 서구 풍암동,경상사고,0,0,1,0,차대사람 - 횡단중,안전운전불이행,포장 - 건조,맑음,단일로 - 기타,승용,여,60세,상해없음,보행자,여,58세,경상
1344,2018112900100385,2018년 11월 29일 17시,목요일,광주광역시 북구 신안동,경상사고,0,0,1,0,차대사람 - 기타,안전운전불이행,포장 - 건조,맑음,단일로 - 기타,승용,남,46세,상해없음,보행자,남,85세,경상
1345,2018112900100441,2018년 11월 29일 18시,목요일,광주광역시 북구 임동,경상사고,0,0,1,0,차대사람 - 횡단중,보행자보호의무위반,포장 - 건조,맑음,교차로 - 교차로횡단보도내,화물,남,67세,상해없음,보행자,남,58세,경상
1346,2018113000100545,2018년 11월 30일 18시,금요일,광주광역시 북구 일곡동,중상사고,0,1,0,0,차대사람 - 횡단중,보행자보호의무위반,포장 - 건조,맑음,교차로 - 교차로안,승용,여,46세,상해없음,보행자,남,8세,중상
1347,2018113000100592,2018년 11월 30일 19시,금요일,광주광역시 남구 월산동,중상사고,0,1,0,0,차대사람 - 횡단중,안전운전불이행,포장 - 건조,맑음,교차로 - 교차로부근,화물,여,46세,상해없음,보행자,남,77세,중상
1348,2018120100100010,2018년 12월 1일 00시,토요일,광주광역시 서구 쌍촌동,중상사고,0,1,0,0,차대사람 - 차도통행중,안전운전불이행,포장 - 건조,흐림,단일로 - 기타,이륜,남,27세,상해없음,보행자,여,56세,중상
1349,2018120100100011,2018년 12월 1일 00시,토요일,광주광역시 서구 쌍촌동,경상사고,0,0,1,0,차대사람 - 기타,안전운전불이행,포장 - 건조,맑음,단일로 - 기타,승용,남,35세,상해없음,보행자,여,27세,경상
1350,2018120100100055,2018년 12월 1일 02시,토요일,광주광역시 서구 치평동,경상사고,0,0,2,0,차대사람 - 기타,안전운전불이행,포장 - 건조,흐림,단일로 - 기타,승용,여,46세,상해없음,보행자,여,24세,경상