,사고번호,사고일시,요일,시군구,사고내용,사망자수,중상자수,경상자수,부상신고자수,사고유형,법규위반,노면상태,기상상태,도로형태,가해운전자 차종,가해운전자 성별,가해운전자 연령,가해운전자 상해정도,피해운전자 차종,피해운전자 성별,피해운전자 연령,피해운전자 상해정도
1351,2018120100100328,2018년 12월 1일 14시,토요일,광주광역시 서구 쌍촌동,경상사고,0,0,1,0,차대사람 - 차도통행중,안전운전불이행,포장 - 건조,맑음,단일로 - 기타,승용,여,57세,상해없음,보행자,남,21세,경상
1352,2018120200100024,2018년 12월 2일 01시,일요일,광주광역시 북구 오치동,부상신고사고,0,0,0,1,차대사람 - 기타,안전운전불이행,포장 - 건조,맑음,교차로 - 교차로안,승용,남,25세,상해없음,보행자,남,22세,부상신고
1353,2018120200100079,2018년 12월 2일 06시,일요일,광주광역시 광산구 산정동,경상사고,0,0,1,0,차대사람 - 횡단중,안전운전불이행,포장 - 건조,맑음,교차로 - 교차로횡단보도내,화물,남,61세,상해없음,보행자,여,69세,경상
1354,2018120300100049,2018년 12월 3일 05시,월요일,광주광역시 서구 양동,경상사고,0,0,1,0,차대사람 - 기타,안전운전불이행,포장 - 젖음/습기,흐림,단일로 - 기타,승용,남,52세,상해없음,보행자,여,71세,경상
1355,2018120300100095,2018년 12월 3일 07시,월요일,광주광역시 서구 쌍촌동,경상사고,0,0,1,0,차대사람 - 기타,중앙선침범,포장 - 건조,맑음,교차로 - 교차로부근,승용,남,55세,상해없음,보행자,남,72세,경상
1356,2018120300100097,2018년 12월 3일 07시,월요일,광주광역시 남구 봉선동,중상사고,0,1,0,0,차대사람 - 횡단중,보행자보호의무위반,포장 - 건조,맑음,교차로 - 교차로횡단보도내,승용,남,47세,상해없음,보행자,여,58세,중상
1357,2018120300100138,2018년 12월 3일 08시,월요일,광주광역시 북구 두암동,부상신고사고,0,0,0,1,차대사람 - 기타,안전운전불이행,포장 - 건조,맑음,단일로 - 기타,기타불명,기타불명,미분류,기타불명,보행자,남,14세,부상신고
1358,2018120300100237,2018년 12월 3일 11시,월요일,광주광역시 북구 용봉동,부상신고사고,0,0,0,1,차대사람 - 기타,안전운전불이행,포장 - 건조,맑음,단일로 - 기타,승용,남,56세,상해없음,보행자,남,36세,부상신고
1359,2018120300100264,2018년 12월 3일 12시,월요일,광주광역시 서구 광천동,중상사고,0,1,0,0,차대사람 - 기타,기타,포장 - 건조,맑음,단일로 - 기타,승용,남,68세,상해없음,보행자,남,76세,중상
1360,2018120300100456,2018년 12월 3일 17시,월요일,광주광역시 남구 진월동,경상사고,0,0,1,0,차대사람 - 기타,안전운전불이행,포장 - 건조,흐림,교차로 - 교차로부근,승용,여,55세,상해없음,보행자,남,18세,경상
1361,2018120300100653,2018년 12월 3일 22시,월요일,광주광역시 광산구 산정동,경상사고,0,0,1,0,차대사람 - 기타,안전운전불이행,포장 - 건조,맑음,단일로 - 기타,승용,여,48세,상해없음,보행자,남,49세,경상
1362,2018120400100080,2018년 12월 4일 06시,화요일,광주광역시 서구 화정동,중상사고,0,1,0,0,차대사람 - 횡단중,신호위반,포장 - 건조,맑음,교차로 - 교차로횡단보도내,승용,남,50세,상해없음,보행자,남,68세,중상
1363,2018120400100344,2018년 12월 4일 14시,화요일,광주광역시 광산구 신가동,경상사고,0,0,1,0,차대사람 - 횡단중,보행자보호의무위반,포장 - 건조,맑음,교차로 - 교차로횡단보도내,화물,남,49세,상해없음,보행자,남,6세,경상
1364,2018120400100475,2018년 12월 4일 18시,화요일,광주광역시 광산구 월계동,경상사고,0,0,1,0,차대사람 - 차도통행중,안전운전불이행,포장 - 건조,맑음,교차로 - 교차로부근,승용,여,47세,상해없음,보행자,남,5세,경상
1365,2018120500100348,2018년 12월 5일 15시,수요일,광주광역시 서구 치평동,중상사고,0,1,0,0,차대사람 - 보도통행중,기타,포장 - 건조,맑음,기타 - 기타,건설기계,남,57세,상해없음,보행자,여,24세,중상
1366,2018120500100568,2018년 12월 5일 22시,수요일,광주광역시 북구 풍향동,경상사고,0,0,1,0,차대사람 - 횡단중,신호위반,포장 - 건조,맑음,교차로 - 교차로안,이륜,남,31세,상해없음,보행자,여,21세,경상
1367,2018120600100143,2018년 12월 6일 08시,목요일,광주광역시 광산구 월곡동,경상사고,0,0,1,0,차대사람 - 횡단중,안전운전불이행,포장 - 젖음/습기,비,교차로 - 교차로부근,승용,여,60세,상해없음,보행자,여,14세,경상
1368,2018120600100272,2018년 12월 6일 12시,목요일,광주광역시 동구 대인동,중상사고,0,1,0,0,차대사람 - 횡단중,안전운전불이행,포장 - 건조,맑음,단일로 - 기타,승용,남,67세,상해없음,보행자,여,65세,중상
1369,2018120600100273,2018년 12월 6일 12시,목요일,광주광역시 동구 충장로3가,경상사고,0,0,1,0,차대사람 - 기타,신호위반,포장 - 건조,맑음,단일로 - 기타,이륜,남,21세,상해없음,보행자,여,3세,경상
1370,2018120600100508,2018년 12월 6일 18시,목요일,광주광역시 북구 두암동,중상사고,0,1,0,0,차대사람 - 횡단중,신호위반,포장 - 건조,맑음,교차로 - 교차로횡단보도내,승합,남,65세,상해없음,보행자,여,7세,중상
1371,2018120600100510,2018년 12월 6일 18시,목요일,광주광역시 광산구 신창동,경상사고,0,0,1,0,차대사람 - 횡단중,안전운전불이행,포장 - 건조,맑음,교차로 - 교차로안,승합,여,42세,상해없음,보행자,여,23세,경상
1372,2018120600100585,2018년 12월 6일 20시,목요일,광주광역시 남구 월산동,중상사고,0,1,0,0,차대사람 - 횡단중,신호위반,포장 - 건조,맑음,단일로 - 기타,승용,여,42세,상해없음,보행자,여,27세,중상
1373,2018120700100014,2018년 12월 7일 00시,금요일,광주광역시 광산구 월계동,경상사고,0,0,1,0,차대사람 - 기타,안전운전불이행,포장 - 건조,맑음,교차로 - 교차로부근,승용,남,77세,상해없음,보행자,남,35세,경상
1374,2018120700100144,2018년 12월 7일 08시,금요일,광주광역시 광산구 우산동,중상사고,0,1,0,0,차대사람 - 횡단중,신호위반,포장 - 젖음/습기,눈,교차로 - 교차로부근,승합,남,57세,상해없음,보행자,여,30세,중상
1375,2018120700100145,2018년 12월 7일 08시,금요일,광주광역시 광산구 월계동,경상사고,0,0,1,0,차대사람 - 기타,안전운전불이행,포장 - 기타,눈,교차로 - 교차로안,승용,여,41세,상해없음,보행자,남,10세,경상
1376,2018120700100221,2018년 12월 7일 10시,금요일,광주광역시 동구 학동,중상사고,0,1,0,0,차대사람 - 보도통행중,안전운전불이행,포장 - 건조,맑음,교차로 - 교차로횡단보도내,승용,남,57세,상해없음,보행자,남,67세,중상
1377,2018120700100258,2018년 12월 7일 11시,금요일,광주광역시 북구 유동,중상사고,0,1,0,0,차대사람 - 횡단중,안전운전불이행,포장 - 건조,맑음,단일로 - 기타,승용,남,68세,상해없음,보행자,남,68세,중상
1378,2018120700100358,2018년 12월 7일 14시,금요일,광주광역시 남구 주월동,경상사고,0,0,1,0,차대사람 - 기타,안전운전불이행,포장 - 건조,맑음,단일로 - 기타,승용,여,62세,상해없음,보행자,남,21세,경상
1379,2018120700100497,2018년 12월 7일 17시,금요일,광주광역시 북구 매곡동,경상사고,0,0,1,0,차대사람 - 기타,안전운전불이행,포장 - 건조,맑음,교차로 - 교차로횡단보도내,승용,남,25세,상해없음,보행자,남,8세,경상
1380,2018120700100653,2018년 12월 7일 21시,금요일,광주광역시 광산구 도산동,경상사고,0,0,1,0,차대사람 - 보도통행중,기타,포장 - 건조,맑음,단일로 - 기타,자전거,남,55세,상해없음,보행자,여,71세,경상
1381,2018120700100718,2018년 12월 7일 23시,금요일,광주광역시 광산구 수완동,경상사고,0,0,1,0,차대사람 - 기타,안전운전불이행,포장 - 건조,맑음,단일로 - 기타,승용,남,32세,상해없음,보행자,남,28세,경상
1382,2018120800100214,2018년 12월 8일 11시,토요일,광주광역시 북구 오치동,중상사고,0,1,0,0,차대사람 - 보도통행중,보행자보호의무위반,포장 - 건조,맑음,교차로 - 교차로안,승용,남,32세,상해없음,보행자,남,60세,중상
1383,2018120800100338,2018년 12월 8일 15시,토요일,광주광역시 서구 유촌동,경상사고,0,0,1,0,차대사람 - 기타,안전운전불이행,포장 - 건조,맑음,교차로 - 교차로횡단보도내,화물,남,52세,상해없음,보행자,남,35세,경상
1384,2018120800100339,2018년 12월 8일 15시,토요일,광주광역시 남구 주월동,경상사고,0,0,1,0,차대사람 - 횡단중,보행자보호의무위반,포장 - 건조,맑음,교차로 - 교차로안,승용,여,63세,상해없음,보행자,여,67세,경상
1385,2018120800100504,2018년 12월 8일 19시,토요일,광주광역시 북구 중흥동,경상사고,0,0,2,1,차대사람 - 횡단중,신호위반,포장 - 건조,맑음,단일로 - 기타,이륜,남,62세,부상신고,보행자,남,43세,경상
1386,2018120900100260,2018년 12월 9일 17시,일요일,광주광역시 동구 학동,중상사고,0,1,0,0,차대사람 - 횡단중,신호위반,포장 - 건조,맑음,교차로 - 교차로안,승합,남,50세,상해없음,보행자,남,71세,중상
1387,2018120900100296,2018년 12월 9일 18시,일요일,광주광역시 북구 오치동,중상사고,0,1,0,0,차대사람 - 횡단중,보행자보호의무위반,포장 - 건조,맑음,교차로 - 교차로안,승용,남,60세,상해없음,보행자,여,76세,중상
1388,2018120900100297,2018년 12월 9일 18시,일요일,광주광역시 광산구 송정동,중상사고,0,1,0,0,차대사람 - 기타,안전운전불이행,포장 - 건조,맑음,단일로 - 기타,승합,남,61세,상해없음,보행자,여,62세,중상
1389,2018120900100337,2018년 12월 9일 19시,일요일,광주광역시 광산구 소촌동,중상사고,0,1,0,0,차대사람 - 기타,안전운전불이행,포장 - 건조,맑음,교차로 - 교차로부근,승용,남,36세,상해없음,보행자,남,64세,중상
1390,2018120900100394,2018년 12월 9일 22시,일요일,광주광역시 서구 풍암동,중상사고,0,1,0,0,차대사람 - 횡단중,안전운전불이행,포장 - 건조,맑음,단일로 - 기타,승용,남,28세,상해없음,보행자,남,20세,중상
1391,2018121000100481,2018년 12월 10일 18시,월요일,광주광역시 동구 서석동,경상사고,0,0,1,0,차대사람 - 길가장자리구역통행중,안전운전불이행,포장 - 건조,맑음,단일로 - 기타,이륜,남,26세,상해없음,보행자,여,14세,경상
1392,2018121000100482,2018년 12월 10일 18시,월요일,광주광역시 북구 우산동,중상사고,0,1,0,0,차대사람 - 횡단중,안전운전불이행,포장 - 건조,맑음,교차로 - 교차로안,승용,여,29세,상해없음,보행자,남,72세,중상
1393,2018121100100306,2018년 12월 11일 14시,화요일,광주광역시 북구 문흥동,경상사고,0,0,1,0,차대사람 - 기타,안전운전불이행,포장 - 건조,맑음,단일로 - 기타,승용,여,47세,상해없음,보행자,남,71세,경상
1394,2018121100100481,2018년 12월 11일 18시,화요일,광주광역시 서구 화정동,경상사고,0,0,1,0,차대사람 - 기타,안전운전불이행,포장 - 건조,맑음,단일로 - 기타,기타불명,기타불명,미분류,기타불명,보행자,여,11세,경상
1395,2018121100100556,2018년 12월 11일 20시,화요일,광주광역시 서구 치평동,경상사고,0,0,1,0,차대사람 - 횡단중,안전운전불이행,포장 - 건조,맑음,교차로 - 교차로횡단보도내,승용,여,47세,상해없음,보행자,남,13세,경상
1396,2018121100100557,2018년 12월 11일 20시,화요일,광주광역시 북구 오치동,중상사고,0,1,0,0,차대사람 - 횡단중,안전운전불이행,포장 - 건조,맑음,교차로 - 교차로안,승용,여,42세,상해없음,보행자,남,61세,중상
1397,2018121100100592,2018년 12월 11일 21시,화요일,광주광역시 광산구 옥동,중상사고,0,1,1,0,차대사람 - 횡단중,신호위반,포장 - 건조,맑음,교차로 - 교차로횡단보도내,화물,남,71세,상해없음,보행자,남,21세,중상
1398,2018121200100171,2018년 12월 12일 09시,수요일,광주광역시 광산구 우산동,중상사고,0,1,0,0,차대사람 - 횡단중,안전운전불이행,포장 - 건조,맑음,교차로 - 교차로안,승용,여,45세,상해없음,보행자,남,81세,중상
1399,2018121200100490,2018년 12월 12일 18시,수요일,광주광역시 서구 쌍촌동,경상사고,0,0,1,0,차대사람 - 기타,안전운전불이행,포장 - 건조,맑음,단일로 - 기타,승용,남,63세,상해없음,보행자,여,23세,경상
1400,2018121200100492,2018년 12월 12일 18시,수요일,광주광역시 남구 진월동,경상사고,0,0,1,0,차대사람 - 기타,안전운전불이행,포장 - 건조,맑음,단일로 - 기타,승용,남,49세,상해없음,보행자,여,15세,경상
1401,2018121200100493,2018년 12월 12일 18시,수요일,광주광역시 광산구 수완동,경상사고,0,0,1,0,차대사람 - 횡단중,신호위반,포장 - 건조,맑음,교차로 - 교차로횡단보도내,기타불명,기타불명,미분류,기타불명,보행자,남,52세,경상
1402,2018121200100598,2018년 12월 12일 21시,수요일,광주광역시 북구 각화동,부상신고사고,0,0,0,1,차대사람 - 횡단중,안전운전불이행,포장 - 건조,맑음,단일로 - 기타,기타불명,기타불명,미분류,기타불명,보행자,남,15세,부상신고
1403,2018121300100021,2018년 12월 13일 01시,목요일,광주광역시 북구 두암동,중상사고,0,1,0,0,차대사람 - 기타,안전운전불이행,포장 - 건조,맑음,교차로 - 교차로안,승용,남,37세,상해없음,보행자,여,53세,중상
1404,2018121300100277,2018년 12월 13일 11시,목요일,광주광역시 동구 남동,경상사고,0,0,1,0,차대사람 - 횡단중,안전운전불이행,포장 - 건조,맑음,단일로 - 기타,승용,여,47세,상해없음,보행자,여,66세,경상
1405,2018121300100390,2018년 12월 13일 15시,목요일,광주광역시 북구 두암동,경상사고,0,0,1,0,차대사람 - 기타,보행자보호의무위반,포장 - 건조,맑음,교차로 - 교차로안,기타불명,기타불명,미분류,기타불명,보행자,여,12세,경상
1406,2018121300100462,2018년 12월 13일 17시,목요일,광주광역시 서구 치평동,중상사고,0,1,0,0,차대사람 - 횡단중,안전운전불이행,포장 - 건조,흐림,단일로 - 기타,승용,남,43세,상해없음,보행자,남,64세,중상
1407,2018121400100052,2018년 12월 14일 05시,금요일,광주광역시 북구 신안동,중상사고,0,1,0,0,차대사람 - 기타,안전운전불이행,포장 - 건조,맑음,단일로 - 기타,승용,남,66세,상해없음,보행자,남,25세,중상
1408,2018121400100381,2018년 12월 14일 15시,금요일,광주광역시 서구 치평동,경상사고,0,0,1,0,차대사람 - 기타,안전운전불이행,포장 - 건조,맑음,단일로 - 기타,승용,여,63세,상해없음,보행자,남,59세,경상
1409,2018121400100482,2018년 12월 14일 17시,금요일,광주광역시 남구 송하동,중상사고,0,1,0,0,차대사람 - 보도통행중,기타,포장 - 건조,맑음,단일로 - 기타,승용,남,28세,상해없음,보행자,남,57세,중상
1410,2018121500100050,2018년 12월 15일 01시,토요일,광주광역시 광산구 수완동,경상사고,0,0,1,0,차대사람 - 차도통행중,안전운전불이행,포장 - 건조,맑음,단일로 - 기타,승용,남,61세,상해없음,보행자,남,25세,경상
1411,2018121500100458,2018년 12월 15일 16시,토요일,광주광역시 북구 용봉동,경상사고,0,0,1,0,차대사람 - 차도통행중,안전운전불이행,포장 - 건조,맑음,교차로 - 교차로안,승용,여,51세,상해없음,보행자,남,62세,경상
1412,2018121500100586,2018년 12월 15일 19시,토요일,광주광역시 동구 학동,중상사고,0,1,0,0,차대사람 - 횡단중,안전운전불이행,포장 - 건조,맑음,단일로 - 기타,승용,남,56세,상해없음,보행자,남,42세,중상
1413,2018121500100702,2018년 12월 15일 23시,토요일,광주광역시 광산구 쌍암동,경상사고,0,0,1,0,차대사람 - 횡단중,과속,포장 - 건조,맑음,교차로 - 교차로횡단보도내,승용,남,26세,상해없음,보행자,남,20세,경상
1414,2018121600100057,2018년 12월 16일 02시,일요일,광주광역시 광산구 월계동,경상사고,0,0,1,0,차대사람 - 차도통행중,안전운전불이행,포장 - 건조,맑음,교차로 - 교차로안,승용,남,39세,상해없음,보행자,남,51세,경상
1415,2018121600100209,2018년 12월 16일 14시,일요일,광주광역시 북구 문흥동,경상사고,0,0,1,0,차대사람 - 기타,안전운전불이행,포장 - 건조,맑음,교차로 - 교차로횡단보도내,승용,남,52세,상해없음,보행자,여,58세,경상
1416,2018121600100256,2018년 12월 16일 16시,일요일,광주광역시 광산구 장덕동,경상사고,0,0,1,0,차대사람 - 길가장자리구역통행중,안전운전불이행,포장 - 건조,맑음,주차장 - 주차장,승용,여,45세,상해없음,보행자,여,32세,경상
1417,2018121600100348,2018년 12월 16일 19시,일요일,광주광역시 북구 용봉동,중상사고,0,1,0,0,차대사람 - 기타,안전운전불이행,포장 - 건조,맑음,단일로 - 기타,승용,남,49세,상해없음,보행자,남,57세,중상
1418,2018121600100377,2018년 12월 16일 20시,일요일,광주광역시 서구 화정동,중상사고,0,1,1,0,차대사람 - 차도통행중,과속,포장 - 건조,맑음,교차로 - 교차로안,승용,남,60세,상해없음,보행자,여,80세,중상
1419,2018121700100222,2018년 12월 17일 08시,월요일,광주광역시 동구 학동,중상사고,0,1,0,0,차대사람 - 기타,안전운전불이행,포장 - 건조,맑음,단일로 - 기타,승용,여,56세,상해없음,보행자,남,3세,중상
1420,2018121700100313,2018년 12월 17일 11시,월요일,광주광역시 서구 치평동,중상사고,0,1,0,0,차대사람 - 횡단중,신호위반,포장 - 건조,맑음,교차로 - 교차로횡단보도내,승용,여,41세,상해없음,보행자,여,73세,중상
1421,2018121700100342,2018년 12월 17일 12시,월요일,광주광역시 북구 풍향동,경상사고,0,0,1,0,차대사람 - 길가장자리구역통행중,안전운전불이행,포장 - 건조,맑음,단일로 - 기타,승용,남,29세,상해없음,보행자,남,45세,경상
1422,2018121700100373,2018년 12월 17일 13시,월요일,광주광역시 서구 쌍촌동,경상사고,0,0,1,0,차대사람 - 횡단중,안전운전불이행,포장 - 건조,맑음,단일로 - 기타,승용,남,25세,상해없음,보행자,여,71세,경상
1423,2018121700100447,2018년 12월 17일 15시,월요일,광주광역시 북구 임동,경상사고,0,0,1,0,차대사람 - 횡단중,보행자보호의무위반,포장 - 건조,맑음,단일로 - 기타,승용,남,38세,상해없음,보행자,여,15세,경상
1424,2018121800100351,2018년 12월 18일 14시,화요일,광주광역시 서구 광천동,중상사고,0,1,0,0,차대사람 - 기타,안전운전불이행,포장 - 건조,맑음,교차로 - 교차로안,승합,남,50세,상해없음,보행자,여,88세,중상
1425,2018121800100465,2018년 12월 18일 17시,화요일,광주광역시 남구 월산동,경상사고,0,0,1,0,차대사람 - 길가장자리구역통행중,안전운전불이행,포장 - 건조,맑음,교차로 - 교차로부근,승용,남,52세,상해없음,보행자,남,21세,경상
1426,2018121800100628,2018년 12월 18일 21시,화요일,광주광역시 서구 쌍촌동,경상사고,0,0,1,0,차대사람 - 기타,안전운전불이행,포장 - 건조,맑음,단일로 - 기타,승합,남,45세,상해없음,보행자,남,27세,경상
1427,2018121800100654,2018년 12월 18일 22시,화요일,광주광역시 광산구 월곡동,경상사고,0,0,1,0,차대사람 - 횡단중,안전운전불이행,포장 - 건조,맑음,교차로 - 교차로횡단보도내,승용,남,38세,상해없음,보행자,남,22세,경상
1428,2018121900100079,2018년 12월 19일 06시,수요일,광주광역시 북구 문흥동,경상사고,0,0,1,0,차대사람 - 기타,안전운전불이행,포장 - 건조,맑음,교차로 - 교차로부근,기타불명,기타불명,미분류,기타불명,보행자,남,26세,경상
1429,2018121900100454,2018년 12월 19일 17시,수요일,광주광역시 북구 용봉동,경상사고,0,0,1,0,차대사람 - 기타,안전운전불이행,포장 - 건조,맑음,교차로 - 교차로안,승용,여,38세,기타불명,보행자,여,8세,경상
1430,2018122000100060,2018년 12월 20일 05시,목요일,광주광역시 남구 진월동,경상사고,0,0,1,0,차대사람 - 기타,안전운전불이행,포장 - 건조,맑음,단일로 - 기타,승용,남,69세,상해없음,보행자,남,73세,경상
1431,2018122000100355,2018년 12월 20일 16시,목요일,광주광역시 광산구 소촌동,경상사고,0,0,1,0,차대사람 - 횡단중,보행자보호의무위반,포장 - 건조,맑음,단일로 - 기타,기타불명,기타불명,미분류,기타불명,보행자,여,15세,경상
1432,2018122000100390,2018년 12월 20일 17시,목요일,광주광역시 북구 두암동,경상사고,0,0,1,0,차대사람 - 차도통행중,안전운전불이행,포장 - 건조,맑음,기타 - 기타,기타불명,기타불명,미분류,기타불명,보행자,남,52세,경상
1433,2018122000100391,2018년 12월 20일 17시,목요일,광주광역시 북구 용봉동,경상사고,0,0,1,0,차대사람 - 횡단중,보행자보호의무위반,포장 - 건조,맑음,교차로 - 교차로횡단보도내,기타불명,기타불명,미분류,기타불명,보행자,여,21세,경상
1434,2018122000100450,2018년 12월 20일 18시,목요일,광주광역시 북구 오치동,경상사고,0,0,1,0,차대사람 - 차도통행중,안전운전불이행,포장 - 건조,맑음,단일로 - 기타,기타불명,기타불명,미분류,기타불명,보행자,남,12세,경상
1435,2018122000100493,2018년 12월 20일 19시,목요일,광주광역시 광산구 신가동,경상사고,0,0,1,0,차대사람 - 횡단중,안전운전불이행,포장 - 건조,맑음,교차로 - 교차로횡단보도내,승용,여,70세,상해없음,보행자,남,51세,경상
1436,2018122100100047,2018년 12월 21일 02시,금요일,광주광역시 북구 운암동,중상사고,0,1,0,0,차대사람 - 횡단중,보행자보호의무위반,포장 - 건조,맑음,교차로 - 교차로횡단보도내,승용,남,19세,상해없음,보행자,여,26세,중상
1437,2018122100100151,2018년 12월 21일 08시,금요일,광주광역시 서구 치평동,경상사고,0,0,1,0,차대사람 - 기타,안전운전불이행,포장 - 건조,맑음,단일로 - 기타,승용,남,72세,상해없음,보행자,남,27세,경상
1438,2018122100100152,2018년 12월 21일 08시,금요일,광주광역시 북구 우산동,경상사고,0,0,1,0,차대사람 - 차도통행중,안전운전불이행,포장 - 건조,맑음,교차로 - 교차로안,승용,남,60세,기타불명,보행자,남,7세,경상
1439,2018122100100410,2018년 12월 21일 16시,금요일,광주광역시 동구 충장로4가,경상사고,0,0,1,0,차대사람 - 기타,안전운전불이행,포장 - 건조,맑음,단일로 - 기타,승용,남,69세,상해없음,보행자,남,23세,경상
1440,2018122100100411,2018년 12월 21일 16시,금요일,광주광역시 광산구 송정동,경상사고,0,0,1,0,차대사람 - 기타,중앙선침범,포장 - 건조,맑음,단일로 - 기타,승용,여,52세,상해없음,보행자,남,68세,경상
1441,2018122100100696,2018년 12월 21일 23시,금요일,광주광역시 광산구 우산동,경상사고,0,0,1,0,차대사람 - 기타,안전운전불이행,포장 - 건조,맑음,교차로 - 교차로안,승용,여,34세,상해없음,보행자,남,52세,경상
1442,2018122200100245,2018년 12월 22일 11시,토요일,광주광역시 광산구 장록동,중상사고,0,1,0,0,차대사람 - 기타,안전운전불이행,포장 - 건조,맑음,단일로 - 기타,승용,남,45세,상해없음,보행자,남,69세,중상
1443,2018122200100566,2018년 12월 22일 20시,토요일,광주광역시 남구 주월동,경상사고,0,0,1,0,차대사람 - 횡단중,안전운전불이행,포장 - 건조,맑음,교차로 - 교차로안,승용,남,57세,상해없음,보행자,남,57세,경상
1444,2018122200100612,2018년 12월 22일 22시,토요일,광주광역시 동구 학동,중상사고,0,1,0,0,차대사람 - 횡단중,보행자보호의무위반,포장 - 건조,맑음,단일로 - 기타,승용,남,57세,상해없음,보행자,여,69세,중상
1445,2018122300100024,2018년 12월 23일 00시,일요일,광주광역시 광산구 수완동,경상사고,0,0,1,0,차대사람 - 길가장자리구역통행중,안전운전불이행,포장 - 건조,맑음,단일로 - 기타,승용,남,24세,상해없음,보행자,남,24세,경상
1446,2018122300100390,2018년 12월 23일 20시,일요일,광주광역시 북구 중흥동,경상사고,0,0,1,0,차대사람 - 길가장자리구역통행중,안전운전불이행,포장 - 건조,맑음,교차로 - 교차로부근,승용,남,33세,상해없음,보행자,남,21세,경상
1447,2018122400100065,2018년 12월 24일 06시,월요일,광주광역시 북구 오치동,사망사고,1,0,0,0,차대사람 - 횡단중,안전운전불이행,포장 - 건조,흐림,단일로 - 기타,화물,남,59세,상해없음,보행자,여,87세,사망
1448,2018122400100150,2018년 12월 24일 09시,월요일,광주광역시 북구 유동,경상사고,0,0,1,0,차대사람 - 기타,안전운전불이행,포장 - 건조,맑음,교차로 - 교차로부근,승용,남,52세,상해없음,보행자,여,71세,경상
1449,2018122400100366,2018년 12월 24일 15시,월요일,광주광역시 북구 신안동,중상사고,0,1,0,0,차대사람 - 기타,안전운전불이행,포장 - 건조,맑음,교차로 - 교차로부근,화물,남,76세,상해없음,보행자,남,85세,중상
1450,2018122500100123,2018년 12월 25일 10시,화요일,광주광역시 북구 운암동,중상사고,0,1,0,0,차대사람 - 횡단중,안전운전불이행,포장 - 건조,맑음,단일로 - 기타,승용,여,53세,상해없음,보행자,여,53세,중상
1451,2018122500100167,2018년 12월 25일 13시,화요일,광주광역시 동구 충장로3가,경상사고,0,0,1,0,차대사람 - 보도통행중,안전운전불이행,포장 - 건조,맑음,단일로 - 기타,이륜,남,52세,기타불명,보행자,남,26세,경상
1452,2018122600100017,2018년 12월 26일 00시,수요일,광주광역시 동구 광산동,경상사고,0,0,1,0,차대사람 - 기타,안전운전불이행,포장 - 건조,흐림,교차로 - 교차로부근,승용,남,30세,상해없음,보행자,남,19세,경상
1453,2018122600100163,2018년 12월 26일 10시,수요일,광주광역시 북구 중흥동,경상사고,0,0,1,0,차대사람 - 기타,안전운전불이행,포장 - 건조,맑음,단일로 - 기타,승용,남,73세,상해없음,보행자,남,23세,경상
1454,2018122600100195,2018년 12월 26일 11시,수요일,광주광역시 북구 중흥동,경상사고,0,0,1,0,차대사람 - 횡단중,안전운전불이행,포장 - 건조,맑음,교차로 - 교차로안,승용,남,64세,상해없음,보행자,여,32세,경상
1455,2018122600100601,2018년 12월 26일 23시,수요일,광주광역시 광산구 신창동,경상사고,0,0,1,0,차대사람 - 횡단중,신호위반,포장 - 건조,맑음,교차로 - 교차로횡단보도내,이륜,남,24세,상해없음,보행자,남,37세,경상
1456,2018122700100019,2018년 12월 27일 00시,목요일,광주광역시 서구 풍암동,사망사고,1,0,0,0,차대사람 - 횡단중,안전운전불이행,포장 - 건조,맑음,단일로 - 기타,승용,남,46세,상해없음,보행자,남,55세,사망
1457,2018122700100063,2018년 12월 27일 04시,목요일,광주광역시 북구 문흥동,경상사고,0,0,1,0,차대사람 - 기타,안전운전불이행,포장 - 건조,맑음,단일로 - 기타,승용,남,38세,상해없음,보행자,남,51세,경상
1458,2018122700100597,2018년 12월 27일 22시,목요일,광주광역시 광산구 신가동,중상사고,0,1,0,0,차대사람 - 기타,안전운전불이행,포장 - 건조,맑음,단일로 - 기타,승용,남,30세,상해없음,보행자,남,56세,중상
1459,2018122800100029,2018년 12월 28일 01시,금요일,광주광역시 북구 오치동,경상사고,0,0,1,0,차대사람 - 횡단중,보행자보호의무위반,포장 - 건조,맑음,교차로 - 교차로횡단보도내,승용,남,51세,상해없음,보행자,남,65세,경상
1460,2018122800100122,2018년 12월 28일 08시,금요일,광주광역시 광산구 산막동,중상사고,0,2,0,0,차대사람 - 횡단중,안전운전불이행,포장 - 적설,눈,단일로 - 기타,승합,남,41세,상해없음,보행자,여,80세,중상
1461,2018122800100178,2018년 12월 28일 10시,금요일,광주광역시 남구 월산동,중상사고,0,1,0,0,차대사람 - 차도통행중,안전운전불이행,포장 - 건조,맑음,단일로 - 기타,승합,남,45세,상해없음,보행자,여,86세,중상