,사고번호,사고일시,요일,시군구,사고내용,사망자수,중상자수,경상자수,부상신고자수,사고유형,법규위반,노면상태,기상상태,도로형태,가해운전자 차종,가해운전자 성별,가해운전자 연령,가해운전자 상해정도,피해운전자 차종,피해운전자 성별,피해운전자 연령,피해운전자 상해정도
2135,2019062400100425,2019년 6월 24일 15시,월요일,광주광역시 서구 금호동,경상사고,0,0,1,0,차대사람 - 횡단중,보행자보호의무위반,포장 - 건조,맑음,교차로 - 교차로횡단보도내,기타불명,기타불명,미분류,기타불명,보행자,여,13세,경상
2136,2019062400100464,2019년 6월 24일 16시,월요일,광주광역시 북구 신용동,경상사고,0,0,1,0,차대사람 - 기타,기타,포장 - 건조,맑음,기타 - 기타,자전거,남,13세,상해없음,보행자,여,59세,경상
2137,2019062400100619,2019년 6월 24일 19시,월요일,광주광역시 남구 봉선동,경상사고,0,0,1,0,차대사람 - 횡단중,보행자보호의무위반,포장 - 건조,맑음,단일로 - 기타,개인형이동수단(PM),남,28세,상해없음,보행자,남,6세,경상
2138,2019062500100069,2019년 6월 25일 05시,화요일,광주광역시 북구 신용동,중상사고,0,1,0,0,차대사람 - 기타,안전운전불이행,포장 - 건조,맑음,단일로 - 기타,승용,남,67세,상해없음,보행자,남,40세,중상
2139,2019062500100230,2019년 6월 25일 10시,화요일,광주광역시 남구 백운동,사망사고,1,0,0,0,차대사람 - 횡단중,안전운전불이행,포장 - 건조,맑음,교차로 - 교차로안,화물,남,55세,상해없음,보행자,남,85세,사망
2140,2019062500100324,2019년 6월 25일 13시,화요일,광주광역시 광산구 우산동,경상사고,0,0,1,0,차대사람 - 횡단중,안전운전불이행,포장 - 건조,맑음,교차로 - 교차로안,승용,여,57세,상해없음,보행자,남,45세,경상
2141,2019062500100413,2019년 6월 25일 15시,화요일,광주광역시 북구 본촌동,경상사고,0,0,1,0,차대사람 - 기타,안전운전불이행,포장 - 건조,맑음,단일로 - 기타,승용,여,41세,상해없음,보행자,남,6세,경상
2142,2019062600100044,2019년 6월 26일 01시,수요일,광주광역시 북구 오치동,경상사고,0,0,1,0,차대사람 - 기타,안전운전불이행,포장 - 건조,맑음,교차로 - 교차로횡단보도내,사륜오토바이(ATV),기타불명,미분류,기타불명,보행자,남,47세,경상
2143,2019062600100092,2019년 6월 26일 07시,수요일,광주광역시 남구 봉선동,경상사고,0,0,1,0,차대사람 - 횡단중,안전운전불이행,포장 - 젖음/습기,비,기타 - 기타,승용,남,63세,상해없음,보행자,남,15세,경상
2144,2019062600100398,2019년 6월 26일 15시,수요일,광주광역시 서구 금호동,중상사고,0,1,0,0,차대사람 - 횡단중,신호위반,포장 - 건조,맑음,교차로 - 교차로안,승용,남,73세,상해없음,보행자,여,64세,중상
2145,2019062600100452,2019년 6월 26일 16시,수요일,광주광역시 서구 쌍촌동,경상사고,0,0,1,0,차대사람 - 횡단중,안전운전불이행,포장 - 건조,맑음,단일로 - 기타,승용,남,50세,상해없음,보행자,남,46세,경상
2146,2019062600100601,2019년 6월 26일 19시,수요일,광주광역시 북구 중흥동,경상사고,0,0,1,0,차대사람 - 횡단중,신호위반,포장 - 젖음/습기,비,단일로 - 기타,승용,남,61세,상해없음,보행자,남,39세,경상
2147,2019062600100632,2019년 6월 26일 20시,수요일,광주광역시 남구 진월동,경상사고,0,0,1,0,차대사람 - 기타,신호위반,포장 - 건조,맑음,교차로 - 교차로안,이륜,남,20세,상해없음,보행자,남,13세,경상
2148,2019062600100663,2019년 6월 26일 21시,수요일,광주광역시 서구 치평동,경상사고,0,0,1,0,차대사람 - 기타,안전운전불이행,포장 - 젖음/습기,비,단일로 - 기타,이륜,남,18세,경상,보행자,남,57세,상해없음
2149,2019062700100327,2019년 6월 27일 13시,목요일,광주광역시 남구 방림동,중상사고,0,1,0,0,차대사람 - 횡단중,안전운전불이행,포장 - 건조,맑음,교차로 - 교차로안,승용,여,47세,상해없음,보행자,여,69세,중상
2150,2019062700100399,2019년 6월 27일 15시,목요일,광주광역시 북구 오치동,경상사고,0,0,1,0,차대사람 - 차도통행중,안전운전불이행,포장 - 건조,맑음,교차로 - 교차로부근,승합,남,52세,상해없음,보행자,남,65세,경상
2151,2019062700100444,2019년 6월 27일 16시,목요일,광주광역시 북구 일곡동,중상사고,0,1,0,0,차대사람 - 횡단중,보행자보호의무위반,포장 - 건조,맑음,교차로 - 교차로횡단보도내,승합,남,68세,상해없음,보행자,남,23세,중상
2152,2019062700100445,2019년 6월 27일 16시,목요일,광주광역시 북구 일곡동,경상사고,0,0,1,0,차대사람 - 횡단중,안전운전불이행,포장 - 건조,맑음,교차로 - 교차로안,기타불명,기타불명,미분류,기타불명,보행자,여,20세,경상
2153,2019062700100485,2019년 6월 27일 17시,목요일,광주광역시 광산구 산정동,부상신고사고,0,0,0,1,차대사람 - 보도통행중,안전운전불이행,포장 - 건조,맑음,단일로 - 기타,이륜,여,39세,상해없음,보행자,여,6세,부상신고
2154,2019062700100534,2019년 6월 27일 18시,목요일,광주광역시 남구 봉선동,경상사고,0,0,1,0,차대사람 - 횡단중,안전운전불이행,포장 - 건조,맑음,단일로 - 기타,승용,남,51세,기타불명,보행자,여,14세,경상
2155,2019062700100643,2019년 6월 27일 22시,목요일,광주광역시 광산구 우산동,중상사고,0,1,0,0,차대사람 - 기타,안전운전불이행,포장 - 건조,맑음,교차로 - 교차로안,승용,남,26세,상해없음,보행자,남,42세,중상
2156,2019062800100149,2019년 6월 28일 08시,금요일,광주광역시 남구 방림동,사망사고,1,0,0,0,차대사람 - 횡단중,보행자보호의무위반,포장 - 건조,맑음,교차로 - 교차로횡단보도내,승용,여,34세,상해없음,보행자,여,75세,사망
2157,2019062800100259,2019년 6월 28일 11시,금요일,광주광역시 서구 광천동,경상사고,0,0,1,0,차대사람 - 기타,기타,포장 - 건조,맑음,단일로 - 기타,승용,남,41세,상해없음,보행자,남,32세,경상
2158,2019062800100261,2019년 6월 28일 11시,금요일,광주광역시 광산구 우산동,중상사고,0,1,0,0,차대사람 - 기타,안전운전불이행,포장 - 건조,맑음,교차로 - 교차로안,화물,남,30세,상해없음,보행자,남,56세,중상
2159,2019062800100545,2019년 6월 28일 18시,금요일,광주광역시 북구 신안동,경상사고,0,0,1,0,차대사람 - 기타,안전운전불이행,포장 - 건조,맑음,단일로 - 기타,승용,여,29세,상해없음,보행자,여,50세,경상
2160,2019062800100580,2019년 6월 28일 19시,금요일,광주광역시 북구 매곡동,경상사고,0,0,1,0,차대사람 - 횡단중,안전운전불이행,포장 - 건조,맑음,교차로 - 교차로안,승용,여,54세,상해없음,보행자,여,18세,경상
2161,2019062800100621,2019년 6월 28일 20시,금요일,광주광역시 동구 금남로5가,경상사고,0,0,1,0,차대사람 - 횡단중,안전운전불이행,포장 - 건조,맑음,단일로 - 기타,승용,여,60세,상해없음,보행자,남,52세,경상
2162,2019062800100664,2019년 6월 28일 21시,금요일,광주광역시 남구 월산동,경상사고,0,0,1,0,차대사람 - 횡단중,안전운전불이행,포장 - 건조,맑음,주차장 - 주차장,승용,남,64세,상해없음,보행자,남,56세,경상
2163,2019062800100665,2019년 6월 28일 21시,금요일,광주광역시 광산구 우산동,중상사고,0,1,0,0,차대사람 - 기타,안전운전불이행,포장 - 건조,맑음,교차로 - 교차로안,승용,여,45세,상해없음,보행자,여,59세,중상
2164,2019062900100082,2019년 6월 29일 02시,토요일,광주광역시 서구 쌍촌동,경상사고,0,0,1,0,차대사람 - 기타,안전운전불이행,포장 - 건조,맑음,기타 - 기타,자전거,남,19세,기타불명,보행자,남,24세,경상
2165,2019062900100133,2019년 6월 29일 06시,토요일,광주광역시 광산구 수완동,경상사고,0,0,1,0,차대사람 - 횡단중,안전운전불이행,포장 - 젖음/습기,비,교차로 - 교차로횡단보도내,승용,여,51세,상해없음,보행자,남,21세,경상
2166,2019062900100209,2019년 6월 29일 10시,토요일,광주광역시 동구 동명동,경상사고,0,0,1,0,차대사람 - 횡단중,안전운전불이행,포장 - 젖음/습기,비,단일로 - 기타,승용,여,69세,상해없음,보행자,남,82세,경상
2167,2019062900100607,2019년 6월 29일 21시,토요일,광주광역시 북구 양산동,경상사고,0,0,1,0,차대사람 - 기타,안전운전불이행,포장 - 젖음/습기,비,단일로 - 기타,기타불명,기타불명,미분류,기타불명,보행자,남,55세,경상
2168,2019062900100608,2019년 6월 29일 21시,토요일,광주광역시 북구 삼각동,중상사고,0,1,0,0,차대사람 - 기타,안전운전불이행,포장 - 젖음/습기,비,교차로 - 교차로안,승용,남,43세,상해없음,보행자,여,46세,중상
2169,2019063000100146,2019년 6월 30일 10시,일요일,광주광역시 북구 중흥동,경상사고,0,0,1,0,차대사람 - 횡단중,안전운전불이행,포장 - 건조,맑음,교차로 - 교차로부근,승용,여,58세,상해없음,보행자,여,45세,경상
2170,2019070100100246,2019년 7월 1일 10시,월요일,광주광역시 남구 양림동,경상사고,0,0,1,0,차대사람 - 횡단중,안전운전불이행,포장 - 건조,맑음,교차로 - 교차로안,화물,남,37세,상해없음,보행자,남,27세,경상
2171,2019070100100375,2019년 7월 1일 14시,월요일,광주광역시 광산구 흑석동,경상사고,0,0,1,0,차대사람 - 기타,안전운전불이행,포장 - 건조,맑음,단일로 - 기타,승용,여,48세,상해없음,보행자,남,6세,경상
2172,2019070100100549,2019년 7월 1일 18시,월요일,광주광역시 북구 문흥동,경상사고,0,0,1,0,차대사람 - 기타,안전운전불이행,포장 - 젖음/습기,비,교차로 - 교차로안,승용,남,48세,상해없음,보행자,여,18세,경상
2173,2019070100100663,2019년 7월 1일 22시,월요일,광주광역시 북구 두암동,경상사고,0,0,1,0,차대사람 - 기타,안전운전불이행,포장 - 건조,맑음,교차로 - 교차로안,승용,여,44세,상해없음,보행자,남,53세,경상
2174,2019070200100280,2019년 7월 2일 12시,화요일,광주광역시 북구 운암동,경상사고,0,0,1,0,차대사람 - 기타,안전운전불이행,포장 - 건조,맑음,단일로 - 기타,승합,남,52세,상해없음,보행자,여,66세,경상
2175,2019070200100596,2019년 7월 2일 21시,화요일,광주광역시 광산구 운수동,중상사고,0,1,0,1,차대사람 - 횡단중,신호위반,포장 - 건조,맑음,교차로 - 교차로횡단보도내,이륜,남,24세,부상신고,보행자,여,19세,중상
2176,2019070200100621,2019년 7월 2일 23시,화요일,광주광역시 광산구 수완동,경상사고,0,0,1,0,차대사람 - 횡단중,안전운전불이행,포장 - 건조,맑음,교차로 - 교차로안,승용,남,67세,상해없음,보행자,여,24세,경상
2177,2019070300100048,2019년 7월 3일 04시,수요일,광주광역시 동구 학동,중상사고,0,1,0,0,차대사람 - 횡단중,안전운전불이행,포장 - 건조,맑음,단일로 - 기타,승용,남,29세,상해없음,보행자,남,42세,중상
2178,2019070300100261,2019년 7월 3일 12시,수요일,광주광역시 광산구 월전동,경상사고,0,0,1,0,차대사람 - 기타,안전운전불이행,포장 - 건조,맑음,단일로 - 기타,기타불명,기타불명,미분류,기타불명,보행자,남,61세,경상
2179,2019070300100291,2019년 7월 3일 13시,수요일,광주광역시 서구 풍암동,중상사고,0,1,0,0,차대사람 - 차도통행중,안전운전불이행,포장 - 건조,맑음,교차로 - 교차로안,승용,여,27세,상해없음,보행자,여,69세,중상
2180,2019070300100506,2019년 7월 3일 18시,수요일,광주광역시 북구 양산동,경상사고,0,0,1,0,차대사람 - 기타,안전운전불이행,포장 - 건조,맑음,단일로 - 기타,승용,남,56세,상해없음,보행자,여,7세,경상
2181,2019070300100590,2019년 7월 3일 21시,수요일,광주광역시 광산구 우산동,경상사고,0,0,2,0,차대사람 - 기타,안전운전불이행,포장 - 건조,맑음,단일로 - 기타,자전거,남,51세,상해없음,보행자,남,66세,경상
2182,2019070300100606,2019년 7월 3일 22시,수요일,광주광역시 동구 금남로5가,중상사고,0,1,0,0,차대사람 - 기타,안전운전불이행,포장 - 건조,맑음,단일로 - 기타,승용,남,42세,상해없음,보행자,남,35세,중상
2183,2019070400100058,2019년 7월 4일 04시,목요일,광주광역시 광산구 월계동,경상사고,0,0,1,0,차대사람 - 횡단중,안전운전불이행,포장 - 건조,맑음,단일로 - 기타,승용,남,56세,상해없음,보행자,여,38세,경상
2184,2019070400100495,2019년 7월 4일 17시,목요일,광주광역시 서구 화정동,경상사고,0,0,1,0,차대사람 - 기타,보행자보호의무위반,포장 - 건조,맑음,단일로 - 기타,승용,남,53세,상해없음,보행자,남,10세,경상
2185,2019070400100595,2019년 7월 4일 20시,목요일,광주광역시 북구 오치동,부상신고사고,0,0,0,1,차대사람 - 기타,안전운전불이행,포장 - 건조,맑음,단일로 - 기타,기타불명,기타불명,미분류,기타불명,보행자,남,24세,부상신고
2186,2019070500100116,2019년 7월 5일 07시,금요일,광주광역시 서구 치평동,중상사고,0,1,0,0,차대사람 - 횡단중,안전운전불이행,포장 - 건조,맑음,교차로 - 교차로부근,승용,남,69세,상해없음,보행자,여,27세,중상
2187,2019070500100203,2019년 7월 5일 09시,금요일,광주광역시 북구 유동,중상사고,0,1,0,0,차대사람 - 기타,안전운전불이행,포장 - 건조,맑음,단일로 - 기타,승합,남,58세,상해없음,보행자,여,54세,중상
2188,2019070500100256,2019년 7월 5일 11시,금요일,광주광역시 서구 쌍촌동,경상사고,0,0,2,0,차대사람 - 기타,안전운전불이행,포장 - 건조,맑음,교차로 - 교차로부근,화물,남,47세,상해없음,보행자,여,20세,경상
2189,2019070600100153,2019년 7월 6일 07시,토요일,광주광역시 동구 소태동,중상사고,0,1,0,0,차대사람 - 보도통행중,보행자보호의무위반,포장 - 건조,맑음,단일로 - 기타,승용,남,24세,상해없음,보행자,여,79세,중상
2190,2019070600100206,2019년 7월 6일 09시,토요일,광주광역시 동구 용산동,경상사고,0,0,1,0,차대사람 - 차도통행중,안전운전불이행,포장 - 건조,맑음,단일로 - 기타,화물,남,58세,상해없음,보행자,여,32세,경상
2191,2019070600100576,2019년 7월 6일 18시,토요일,광주광역시 광산구 쌍암동,중상사고,0,2,0,0,차대사람 - 횡단중,보행자보호의무위반,포장 - 건조,맑음,교차로 - 교차로안,승용,남,67세,상해없음,보행자,남,39세,중상
2192,2019070600100634,2019년 7월 6일 20시,토요일,광주광역시 서구 마륵동,중상사고,0,1,0,0,차대사람 - 기타,안전운전불이행,포장 - 건조,맑음,단일로 - 기타,승용,남,37세,상해없음,보행자,여,68세,중상
2193,2019070700100034,2019년 7월 7일 00시,일요일,광주광역시 서구 쌍촌동,부상신고사고,0,0,0,1,차대사람 - 횡단중,안전운전불이행,포장 - 건조,맑음,단일로 - 기타,기타불명,기타불명,미분류,기타불명,보행자,남,27세,부상신고
2194,2019070800100150,2019년 7월 8일 08시,월요일,광주광역시 동구 학동,경상사고,0,0,1,0,차대사람 - 횡단중,안전운전불이행,포장 - 건조,맑음,교차로 - 교차로안,승용,남,62세,상해없음,보행자,여,71세,경상
2195,2019070800100461,2019년 7월 8일 17시,월요일,광주광역시 광산구 신가동,중상사고,0,1,0,0,차대사람 - 횡단중,안전운전불이행,포장 - 건조,맑음,교차로 - 교차로안,승용,여,48세,상해없음,보행자,남,82세,중상
2196,2019070900100163,2019년 7월 9일 08시,화요일,광주광역시 광산구 산정동,경상사고,0,0,1,0,차대사람 - 길가장자리구역통행중,안전운전불이행,포장 - 건조,맑음,단일로 - 기타,승용,여,56세,상해없음,보행자,여,18세,경상
2197,2019070900100550,2019년 7월 9일 19시,화요일,광주광역시 남구 봉선동,경상사고,0,0,1,0,차대사람 - 횡단중,신호위반,포장 - 건조,맑음,교차로 - 교차로횡단보도내,승용,남,53세,상해없음,보행자,남,10세,경상
2198,2019071000100532,2019년 7월 10일 19시,수요일,광주광역시 서구 쌍촌동,경상사고,0,0,1,0,차대사람 - 기타,기타,포장 - 젖음/습기,비,단일로 - 기타,승용,남,30세,상해없음,보행자,여,30세,경상
2199,2019071000100690,2019년 7월 10일 22시,수요일,광주광역시 남구 주월동,경상사고,0,0,1,0,차대사람 - 기타,신호위반,포장 - 젖음/습기,맑음,단일로 - 기타,이륜,남,25세,상해없음,보행자,남,51세,경상
2200,2019071000100691,2019년 7월 10일 22시,수요일,광주광역시 남구 월산동,부상신고사고,0,0,0,1,차대사람 - 기타,안전운전불이행,포장 - 젖음/습기,비,교차로 - 교차로부근,기타불명,기타불명,미분류,기타불명,보행자,남,38세,부상신고
2201,2019071100100096,2019년 7월 11일 06시,목요일,광주광역시 광산구 용봉동,경상사고,0,0,1,0,차대사람 - 기타,안전운전불이행,포장 - 젖음/습기,흐림,단일로 - 기타,승용,남,52세,상해없음,보행자,남,71세,경상
2202,2019071100100311,2019년 7월 11일 13시,목요일,광주광역시 동구 학동,경상사고,0,0,1,0,차대사람 - 횡단중,안전운전불이행,포장 - 건조,맑음,단일로 - 기타,승용,남,56세,기타불명,보행자,여,73세,경상
2203,2019071100100343,2019년 7월 11일 14시,목요일,광주광역시 동구 지산동,경상사고,0,0,1,0,차대사람 - 횡단중,신호위반,포장 - 건조,맑음,단일로 - 기타,승용,남,68세,상해없음,보행자,남,11세,경상
2204,2019071100100503,2019년 7월 11일 18시,목요일,광주광역시 광산구 쌍암동,경상사고,0,0,1,0,차대사람 - 기타,신호위반,포장 - 건조,맑음,단일로 - 기타,승용,남,67세,상해없음,보행자,남,3세,경상
2205,2019071200100069,2019년 7월 12일 04시,금요일,광주광역시 광산구 수완동,경상사고,0,0,1,0,차대사람 - 기타,안전운전불이행,포장 - 건조,맑음,교차로 - 교차로부근,승용,남,26세,상해없음,보행자,여,22세,경상
2206,2019071200100206,2019년 7월 12일 09시,금요일,광주광역시 동구 금동,부상신고사고,0,0,0,1,차대사람 - 횡단중,보행자보호의무위반,포장 - 건조,맑음,교차로 - 교차로횡단보도내,승용,여,34세,기타불명,보행자,여,44세,부상신고
2207,2019071200100579,2019년 7월 12일 18시,금요일,광주광역시 서구 치평동,경상사고,0,0,2,0,차대사람 - 횡단중,보행자보호의무위반,포장 - 건조,맑음,교차로 - 교차로횡단보도내,승용,남,27세,상해없음,보행자,여,12세,경상
2208,2019071200100726,2019년 7월 12일 23시,금요일,광주광역시 광산구 월계동,중상사고,0,1,0,0,차대사람 - 기타,안전운전불이행,포장 - 건조,맑음,교차로 - 교차로안,승용,남,51세,상해없음,보행자,남,56세,중상
2209,2019071300100150,2019년 7월 13일 09시,토요일,광주광역시 광산구 수완동,중상사고,0,1,0,0,차대사람 - 기타,보행자보호의무위반,포장 - 젖음/습기,흐림,교차로 - 교차로부근,승용,남,47세,상해없음,보행자,남,14세,중상
2210,2019071300100298,2019년 7월 13일 13시,토요일,광주광역시 광산구 신가동,경상사고,0,0,1,0,차대사람 - 횡단중,보행자보호의무위반,포장 - 건조,맑음,교차로 - 교차로부근,승용,여,45세,상해없음,보행자,여,9세,경상
2211,2019071300100443,2019년 7월 13일 17시,토요일,광주광역시 남구 양림동,경상사고,0,0,1,0,차대사람 - 기타,안전운전불이행,포장 - 건조,맑음,단일로 - 기타,승용,여,68세,상해없음,보행자,여,13세,경상
2212,2019071300100444,2019년 7월 13일 17시,토요일,광주광역시 북구 우산동,경상사고,0,0,1,0,차대사람 - 기타,안전운전불이행,포장 - 건조,맑음,단일로 - 기타,승용,남,40세,상해없음,보행자,여,67세,경상
2213,2019071300100489,2019년 7월 13일 18시,토요일,광주광역시 동구 계림동,중상사고,0,1,0,0,차대사람 - 횡단중,기타,포장 - 건조,맑음,단일로 - 기타,화물,남,47세,기타불명,보행자,남,5세,중상
2214,2019071300100537,2019년 7월 13일 20시,토요일,광주광역시 서구 쌍촌동,중상사고,0,1,0,0,차대사람 - 차도통행중,안전운전불이행,포장 - 건조,맑음,단일로 - 기타,이륜,남,68세,상해없음,보행자,여,76세,중상
2215,2019071400100396,2019년 7월 14일 18시,일요일,광주광역시 북구 용봉동,경상사고,0,0,1,0,차대사람 - 횡단중,안전운전불이행,포장 - 건조,맑음,교차로 - 교차로안,승용,여,54세,상해없음,보행자,여,44세,경상
2216,2019071500100091,2019년 7월 15일 07시,월요일,광주광역시 북구 용봉동,부상신고사고,0,0,0,1,차대사람 - 보도통행중,기타,포장 - 건조,맑음,단일로 - 기타,승용,여,56세,상해없음,보행자,여,39세,부상신고
2217,2019071500100130,2019년 7월 15일 08시,월요일,광주광역시 광산구 운수동,중상사고,0,1,0,0,차대사람 - 횡단중,신호위반,포장 - 건조,맑음,교차로 - 교차로횡단보도내,승용,남,52세,상해없음,보행자,여,64세,중상
2218,2019071500100184,2019년 7월 15일 10시,월요일,광주광역시 북구 동림동,중상사고,0,1,0,0,차대사람 - 기타,안전운전불이행,포장 - 건조,맑음,단일로 - 기타,자전거,남,60세,중상,보행자,여,53세,상해없음
2219,2019071500100522,2019년 7월 15일 18시,월요일,광주광역시 북구 신안동,중상사고,0,1,0,0,차대사람 - 기타,기타,포장 - 건조,맑음,기타 - 기타,승용,여,57세,상해없음,보행자,여,29세,중상
2220,2019071500100642,2019년 7월 15일 23시,월요일,광주광역시 북구 운암동,경상사고,0,0,1,0,차대사람 - 기타,안전운전불이행,포장 - 건조,맑음,교차로 - 교차로안,승용,여,42세,상해없음,보행자,남,58세,경상
2221,2019071700100298,2019년 7월 17일 13시,수요일,광주광역시 서구 금호동,경상사고,0,0,1,0,차대사람 - 기타,안전운전불이행,포장 - 건조,맑음,단일로 - 기타,승용,남,34세,상해없음,보행자,여,8세,경상
2222,2019071700100423,2019년 7월 17일 16시,수요일,광주광역시 동구 동명동,경상사고,0,0,2,0,차대사람 - 횡단중,안전운전불이행,포장 - 건조,맑음,단일로 - 기타,이륜,남,18세,경상,보행자,남,13세,경상
2223,2019071700100518,2019년 7월 17일 18시,수요일,광주광역시 북구 연제동,경상사고,0,0,1,0,차대사람 - 횡단중,안전운전불이행,포장 - 건조,맑음,단일로 - 기타,승용,여,33세,상해없음,보행자,남,11세,경상
2224,2019071700100634,2019년 7월 17일 22시,수요일,광주광역시 동구 지산동,경상사고,0,0,1,0,차대사람 - 기타,안전운전불이행,포장 - 젖음/습기,비,단일로 - 기타,승용,남,62세,상해없음,보행자,남,45세,경상
2225,2019071700100636,2019년 7월 17일 22시,수요일,광주광역시 광산구 월계동,경상사고,0,0,1,0,차대사람 - 횡단중,보행자보호의무위반,포장 - 젖음/습기,비,단일로 - 기타,승용,남,48세,상해없음,보행자,여,44세,경상
2226,2019071800100161,2019년 7월 18일 09시,목요일,광주광역시 서구 내방동,경상사고,0,0,1,0,차대사람 - 기타,안전운전불이행,포장 - 건조,맑음,단일로 - 기타,승용,남,59세,상해없음,보행자,여,28세,경상
2227,2019071800100162,2019년 7월 18일 09시,목요일,광주광역시 서구 화정동,경상사고,0,0,1,0,차대사람 - 횡단중,안전운전불이행,포장 - 건조,맑음,단일로 - 기타,기타불명,기타불명,미분류,기타불명,보행자,남,21세,경상
2228,2019071800100251,2019년 7월 18일 12시,목요일,광주광역시 서구 농성동,경상사고,0,0,1,0,차대사람 - 횡단중,안전운전불이행,포장 - 건조,맑음,교차로 - 교차로안,승용,남,47세,상해없음,보행자,여,56세,경상
2229,2019071800100425,2019년 7월 18일 17시,목요일,광주광역시 동구 학동,중상사고,0,1,0,0,차대사람 - 횡단중,안전운전불이행,포장 - 건조,맑음,단일로 - 기타,승용,남,34세,상해없음,보행자,여,71세,중상
2230,2019071900100403,2019년 7월 19일 14시,금요일,광주광역시 북구 문흥동,경상사고,0,0,1,0,차대사람 - 기타,안전운전불이행,포장 - 건조,맑음,단일로 - 기타,승용,여,43세,기타불명,보행자,남,36세,경상
2231,2019071900100648,2019년 7월 19일 20시,금요일,광주광역시 북구 용봉동,중상사고,0,1,0,0,차대사람 - 횡단중,보행자보호의무위반,포장 - 젖음/습기,비,교차로 - 교차로안,승용,남,68세,상해없음,보행자,여,26세,중상
2232,2019071900100717,2019년 7월 19일 22시,금요일,광주광역시 동구 서석동,경상사고,0,0,1,0,차대사람 - 기타,신호위반,포장 - 젖음/습기,비,교차로 - 교차로횡단보도내,이륜,남,21세,상해없음,보행자,남,60세,경상
2233,2019072000100309,2019년 7월 20일 13시,토요일,광주광역시 북구 우산동,경상사고,0,0,1,0,차대사람 - 기타,안전운전불이행,포장 - 젖음/습기,흐림,교차로 - 교차로안,승용,남,54세,기타불명,보행자,남,55세,경상
2234,2019072000100377,2019년 7월 20일 15시,토요일,광주광역시 북구 누문동,중상사고,0,1,0,0,차대사람 - 횡단중,안전운전불이행,포장 - 젖음/습기,비,단일로 - 기타,승용,남,56세,상해없음,보행자,여,82세,중상
2235,2019072000100528,2019년 7월 20일 20시,토요일,광주광역시 북구 두암동,경상사고,0,0,1,0,차대사람 - 횡단중,보행자보호의무위반,포장 - 젖음/습기,비,교차로 - 교차로횡단보도내,승합,남,35세,상해없음,보행자,남,56세,경상
2236,2019072000100566,2019년 7월 20일 21시,토요일,광주광역시 광산구 신가동,경상사고,0,0,1,0,차대사람 - 횡단중,보행자보호의무위반,포장 - 젖음/습기,비,교차로 - 교차로횡단보도내,승용,남,50세,상해없음,보행자,여,17세,경상
2237,2019072000100612,2019년 7월 20일 22시,토요일,광주광역시 서구 쌍촌동,경상사고,0,0,1,0,차대사람 - 횡단중,보행자보호의무위반,포장 - 젖음/습기,비,교차로 - 교차로횡단보도내,승용,남,58세,상해없음,보행자,여,24세,경상
2238,2019072000100643,2019년 7월 20일 23시,토요일,광주광역시 서구 광천동,사망사고,1,0,0,0,차대사람 - 기타,안전운전불이행,포장 - 젖음/습기,비,단일로 - 기타,승용,남,22세,상해없음,보행자,남,14세,사망
2239,2019072100100160,2019년 7월 21일 09시,일요일,광주광역시 북구 중흥동,사망사고,1,2,0,0,차대사람 - 보도통행중,안전운전불이행,포장 - 젖음/습기,흐림,교차로 - 교차로부근,승합,남,47세,중상,보행자,여,76세,사망
2240,2019072100100177,2019년 7월 21일 10시,일요일,광주광역시 광산구 송정동,경상사고,0,0,1,0,차대사람 - 기타,안전운전불이행,포장 - 젖음/습기,비,단일로 - 기타,기타불명,기타불명,미분류,기타불명,보행자,여,56세,경상
2241,2019072100100221,2019년 7월 21일 12시,일요일,광주광역시 서구 화정동,경상사고,0,0,1,0,차대사람 - 횡단중,안전운전불이행,포장 - 젖음/습기,흐림,교차로 - 교차로부근,승용,남,58세,상해없음,보행자,남,62세,경상
2242,2019072100100495,2019년 7월 21일 23시,일요일,광주광역시 북구 유동,중상사고,0,1,0,0,차대사람 - 횡단중,안전운전불이행,포장 - 건조,맑음,단일로 - 기타,승용,여,51세,상해없음,보행자,남,64세,중상
2243,2019072200100348,2019년 7월 22일 13시,월요일,광주광역시 서구 풍암동,경상사고,0,0,1,0,차대사람 - 기타,안전운전불이행,포장 - 건조,맑음,단일로 - 기타,승용,여,51세,상해없음,보행자,남,43세,경상
2244,2019072200100349,2019년 7월 22일 13시,월요일,광주광역시 서구 농성동,중상사고,0,1,0,0,차대사람 - 보도통행중,기타,포장 - 건조,맑음,교차로 - 교차로안,개인형이동수단(PM),여,47세,상해없음,보행자,여,59세,중상
2245,2019072200100383,2019년 7월 22일 14시,월요일,광주광역시 광산구 송정동,경상사고,0,0,1,0,차대사람 - 기타,안전운전불이행,포장 - 건조,맑음,교차로 - 교차로안,화물,남,49세,상해없음,보행자,남,52세,경상
2246,2019072200100464,2019년 7월 22일 16시,월요일,광주광역시 서구 화정동,경상사고,0,0,1,0,차대사람 - 횡단중,안전운전불이행,포장 - 건조,맑음,단일로 - 기타,승용,남,35세,상해없음,보행자,남,7세,경상