,사고번호,사고일시,요일,시군구,사고내용,사망자수,중상자수,경상자수,부상신고자수,사고유형,법규위반,노면상태,기상상태,도로형태,가해운전자 차종,가해운전자 성별,가해운전자 연령,가해운전자 상해정도,피해운전자 차종,피해운전자 성별,피해운전자 연령,피해운전자 상해정도
3028,2020011500100537,2020년 1월 15일 19시,수요일,광주광역시 서구 쌍촌동,경상사고,0,0,1,0,차대사람 - 기타,안전운전불이행,포장 - 건조,맑음,단일로 - 기타,승용,남,50세,상해없음,보행자,남,30세,경상
3029,2020011500100567,2020년 1월 15일 20시,수요일,광주광역시 광산구 쌍암동,중상사고,0,1,0,0,차대사람 - 기타,신호위반,포장 - 건조,맑음,교차로 - 교차로안,이륜,남,32세,상해없음,보행자,남,39세,중상
3030,2020011600100304,2020년 1월 16일 14시,목요일,광주광역시 남구 월산동,경상사고,0,0,1,0,차대사람 - 기타,안전운전불이행,포장 - 건조,맑음,단일로 - 기타,기타불명,기타불명,미분류,기타불명,보행자,남,32세,경상
3031,2020011600100554,2020년 1월 16일 20시,목요일,광주광역시 북구 두암동,중상사고,0,1,0,0,차대사람 - 기타,안전운전불이행,포장 - 건조,맑음,단일로 - 기타,승용,남,46세,상해없음,보행자,여,86세,중상
3032,2020011700100240,2020년 1월 17일 13시,금요일,광주광역시 광산구 장덕동,경상사고,0,0,2,0,차대사람 - 횡단중,안전운전불이행,포장 - 건조,맑음,교차로 - 교차로안,승용,여,64세,상해없음,보행자,여,46세,경상
3033,2020011700100286,2020년 1월 17일 14시,금요일,광주광역시 북구 문흥동,경상사고,0,0,1,0,차대사람 - 차도통행중,안전운전불이행,포장 - 건조,맑음,단일로 - 기타,승용,여,55세,상해없음,보행자,여,51세,경상
3034,2020011700100458,2020년 1월 17일 18시,금요일,광주광역시 광산구 월계동,경상사고,0,0,1,0,차대사람 - 횡단중,보행자보호의무위반,포장 - 건조,맑음,단일로 - 기타,승용,여,35세,상해없음,보행자,여,7세,경상
3035,2020011700100584,2020년 1월 17일 21시,금요일,광주광역시 광산구 신촌동,사망사고,1,0,1,0,차대사람 - 차도통행중,과속,포장 - 건조,맑음,단일로 - 기타,승용,남,47세,상해없음,보행자,남,56세,사망
3036,2020011700100632,2020년 1월 17일 23시,금요일,광주광역시 서구 풍암동,중상사고,0,1,0,0,차대사람 - 횡단중,안전운전불이행,포장 - 건조,맑음,교차로 - 교차로안,승용,남,20세,기타불명,보행자,여,29세,중상
3037,2020011800100066,2020년 1월 18일 05시,토요일,광주광역시 서구 금호동,경상사고,0,0,1,0,차대사람 - 기타,안전운전불이행,포장 - 건조,맑음,교차로 - 교차로안,승용,남,42세,상해없음,보행자,남,21세,경상
3038,2020011800100422,2020년 1월 18일 17시,토요일,광주광역시 남구 백운동,경상사고,0,0,1,0,차대사람 - 기타,보행자보호의무위반,포장 - 건조,맑음,교차로 - 교차로횡단보도내,승용,여,35세,상해없음,보행자,남,11세,경상
3039,2020011800100423,2020년 1월 18일 17시,토요일,광주광역시 광산구 송정동,경상사고,0,0,1,0,차대사람 - 차도통행중,안전운전불이행,포장 - 건조,맑음,교차로 - 교차로부근,승용,남,48세,상해없음,보행자,여,78세,경상
3040,2020011800100473,2020년 1월 18일 18시,토요일,광주광역시 광산구 도산동,경상사고,0,0,1,0,차대사람 - 기타,안전운전불이행,포장 - 건조,맑음,단일로 - 기타,승용,여,42세,상해없음,보행자,여,63세,경상
3041,2020011800100561,2020년 1월 18일 21시,토요일,광주광역시 북구 월출동,경상사고,0,0,1,0,차대사람 - 기타,안전운전불이행,포장 - 건조,맑음,주차장 - 주차장,승용,남,28세,상해없음,보행자,남,31세,경상
3042,2020011800100586,2020년 1월 18일 22시,토요일,광주광역시 서구 치평동,경상사고,0,0,1,0,차대사람 - 기타,안전운전불이행,포장 - 건조,맑음,단일로 - 기타,승용,남,35세,상해없음,보행자,여,22세,경상
3043,2020011900100125,2020년 1월 19일 10시,일요일,광주광역시 남구 백운동,중상사고,0,1,0,0,차대사람 - 기타,안전운전불이행,포장 - 건조,맑음,교차로 - 교차로안,승용,여,47세,상해없음,보행자,남,57세,중상
3044,2020011900100451,2020년 1월 19일 23시,일요일,광주광역시 동구 광산동,경상사고,0,0,1,0,차대사람 - 길가장자리구역통행중,안전운전불이행,포장 - 건조,맑음,교차로 - 교차로안,승용,남,18세,상해없음,보행자,여,22세,경상
3045,2020012000100009,2020년 1월 20일 00시,월요일,광주광역시 광산구 수완동,경상사고,0,0,1,0,차대사람 - 기타,안전운전불이행,포장 - 건조,맑음,단일로 - 기타,승용,남,21세,상해없음,보행자,남,23세,경상
3046,2020012000100091,2020년 1월 20일 07시,월요일,광주광역시 북구 우산동,중상사고,0,1,0,0,차대사람 - 횡단중,안전운전불이행,포장 - 건조,맑음,단일로 - 기타,승용,남,36세,상해없음,보행자,여,40세,중상
3047,2020012000100285,2020년 1월 20일 12시,월요일,광주광역시 서구 쌍촌동,경상사고,0,0,1,0,차대사람 - 차도통행중,안전운전불이행,포장 - 건조,맑음,단일로 - 기타,승용,남,47세,상해없음,보행자,여,72세,경상
3048,2020012000100325,2020년 1월 20일 13시,월요일,광주광역시 서구 풍암동,경상사고,0,0,1,0,차대사람 - 횡단중,안전운전불이행,포장 - 건조,맑음,단일로 - 기타,승용,여,76세,상해없음,보행자,여,22세,경상
3049,2020012000100419,2020년 1월 20일 15시,월요일,광주광역시 북구 오치동,중상사고,0,1,0,0,차대사람 - 횡단중,안전운전불이행,포장 - 건조,맑음,단일로 - 기타,화물,남,32세,상해없음,보행자,남,20세,중상
3050,2020012000100454,2020년 1월 20일 16시,월요일,광주광역시 북구 용봉동,중상사고,0,1,0,0,차대사람 - 횡단중,신호위반,포장 - 건조,맑음,교차로 - 교차로횡단보도내,화물,남,50세,상해없음,보행자,여,70세,중상
3051,2020012000100697,2020년 1월 20일 23시,월요일,광주광역시 남구 서동,부상신고사고,0,0,0,1,차대사람 - 횡단중,보행자보호의무위반,포장 - 건조,맑음,교차로 - 교차로횡단보도내,승용,남,28세,상해없음,보행자,남,51세,부상신고
3052,2020012100100057,2020년 1월 21일 05시,화요일,광주광역시 북구 운암동,중상사고,0,1,0,0,차대사람 - 횡단중,안전운전불이행,포장 - 건조,맑음,교차로 - 교차로횡단보도내,승용,남,67세,상해없음,보행자,남,67세,중상
3053,2020012100100294,2020년 1월 21일 12시,화요일,광주광역시 남구 봉선동,중상사고,0,1,0,0,차대사람 - 횡단중,보행자보호의무위반,포장 - 건조,맑음,단일로 - 기타,건설기계,남,56세,상해없음,보행자,여,54세,중상
3054,2020012100100344,2020년 1월 21일 13시,화요일,광주광역시 남구 백운동,중상사고,0,1,0,0,차대사람 - 횡단중,안전운전불이행,포장 - 건조,맑음,교차로 - 교차로안,승용,여,50세,상해없음,보행자,여,84세,중상
3055,2020012100100535,2020년 1월 21일 17시,화요일,광주광역시 서구 풍암동,경상사고,0,0,1,0,차대사람 - 횡단중,보행자보호의무위반,포장 - 건조,맑음,교차로 - 교차로횡단보도내,승용,여,50세,상해없음,보행자,남,12세,경상
3056,2020012100100707,2020년 1월 21일 21시,화요일,광주광역시 광산구 도산동,경상사고,0,0,1,0,차대사람 - 길가장자리구역통행중,안전운전불이행,포장 - 건조,맑음,단일로 - 기타,기타불명,기타불명,미분류,기타불명,보행자,남,42세,경상
3057,2020012200100177,2020년 1월 22일 10시,수요일,광주광역시 북구 두암동,중상사고,0,1,0,0,차대사람 - 횡단중,안전운전불이행,포장 - 건조,맑음,단일로 - 기타,승합,남,60세,상해없음,보행자,여,67세,중상
3058,2020012200100305,2020년 1월 22일 14시,수요일,광주광역시 동구 학동,경상사고,0,0,2,0,차대사람 - 횡단중,보행자보호의무위반,포장 - 건조,맑음,단일로 - 기타,승용,여,59세,상해없음,보행자,여,34세,경상
3059,2020012200100306,2020년 1월 22일 14시,수요일,광주광역시 광산구 월계동,경상사고,0,0,1,0,차대사람 - 횡단중,안전운전불이행,포장 - 젖음/습기,비,교차로 - 교차로부근,승용,남,49세,상해없음,보행자,여,30세,경상
3060,2020012200100525,2020년 1월 22일 18시,수요일,광주광역시 서구 금호동,경상사고,0,0,1,0,차대사람 - 기타,안전운전불이행,포장 - 건조,흐림,단일로 - 기타,승용,남,43세,상해없음,보행자,남,52세,경상
3061,2020012200100526,2020년 1월 22일 18시,수요일,광주광역시 남구 주월동,사망사고,1,0,0,0,차대사람 - 기타,안전운전불이행,포장 - 젖음/습기,비,교차로 - 교차로안,승용,남,76세,상해없음,보행자,여,78세,사망
3062,2020012200100527,2020년 1월 22일 18시,수요일,광주광역시 북구 용봉동,경상사고,0,0,1,0,차대사람 - 보도통행중,안전운전불이행,포장 - 건조,맑음,단일로 - 기타,승용,여,55세,상해없음,보행자,여,51세,경상
3063,2020012200100594,2020년 1월 22일 19시,수요일,광주광역시 북구 매곡동,경상사고,0,0,1,0,차대사람 - 횡단중,안전운전불이행,포장 - 젖음/습기,비,교차로 - 교차로안,승용,남,55세,상해없음,보행자,남,37세,경상
3064,2020012200100674,2020년 1월 22일 21시,수요일,광주광역시 북구 용봉동,경상사고,0,0,1,0,차대사람 - 보도통행중,보행자보호의무위반,포장 - 젖음/습기,비,교차로 - 교차로안,승용,남,56세,상해없음,보행자,여,28세,경상
3065,2020012300100234,2020년 1월 23일 11시,목요일,광주광역시 남구 주월동,경상사고,0,0,1,0,차대사람 - 기타,기타,포장 - 건조,맑음,단일로 - 기타,화물,남,40세,상해없음,보행자,여,39세,경상
3066,2020012300100235,2020년 1월 23일 11시,목요일,광주광역시 북구 중흥동,경상사고,0,0,1,0,차대사람 - 기타,안전운전불이행,포장 - 건조,맑음,교차로 - 교차로안,화물,남,63세,상해없음,보행자,남,78세,경상
3067,2020012300100321,2020년 1월 23일 13시,목요일,광주광역시 광산구 소촌동,경상사고,0,0,1,0,차대사람 - 보도통행중,안전운전불이행,포장 - 건조,맑음,단일로 - 기타,승용,남,28세,상해없음,보행자,여,69세,경상
3068,2020012300100428,2020년 1월 23일 15시,목요일,광주광역시 서구 화정동,경상사고,0,0,1,0,차대사람 - 횡단중,안전운전불이행,포장 - 건조,맑음,단일로 - 기타,승용,남,48세,상해없음,보행자,여,57세,경상
3069,2020012300100429,2020년 1월 23일 15시,목요일,광주광역시 북구 양산동,경상사고,0,0,1,0,차대사람 - 기타,안전운전불이행,포장 - 건조,맑음,단일로 - 기타,승용,여,32세,상해없음,보행자,남,61세,경상
3070,2020012300100487,2020년 1월 23일 16시,목요일,광주광역시 광산구 월곡동,경상사고,0,0,1,0,차대사람 - 차도통행중,보행자보호의무위반,포장 - 건조,맑음,교차로 - 교차로안,승용,여,35세,상해없음,보행자,남,58세,경상
3071,2020012300100598,2020년 1월 23일 18시,목요일,광주광역시 광산구 월계동,중상사고,0,1,0,0,차대사람 - 횡단중,안전운전불이행,포장 - 건조,맑음,교차로 - 교차로부근,승용,여,46세,상해없음,보행자,여,67세,중상
3072,2020012300100765,2020년 1월 23일 23시,목요일,광주광역시 북구 연제동,중상사고,0,1,0,0,차대사람 - 기타,안전운전불이행,포장 - 건조,맑음,교차로 - 교차로부근,화물,남,39세,상해없음,보행자,여,6세,중상
3073,2020012400100426,2020년 1월 24일 21시,금요일,광주광역시 남구 봉선동,경상사고,0,0,1,0,차대사람 - 횡단중,보행자보호의무위반,포장 - 건조,맑음,교차로 - 교차로안,승용,남,48세,상해없음,보행자,남,63세,경상
3074,2020012400100444,2020년 1월 24일 22시,금요일,광주광역시 서구 치평동,경상사고,0,0,1,0,차대사람 - 보도통행중,신호위반,포장 - 건조,맑음,교차로 - 교차로횡단보도내,승용,남,67세,상해없음,보행자,여,32세,경상
3075,2020012500100035,2020년 1월 25일 04시,토요일,광주광역시 동구 광산동,경상사고,0,0,2,0,차대사람 - 기타,불법유턴,포장 - 건조,맑음,기타 - 기타,승용,남,29세,상해없음,보행자,남,18세,경상
3076,2020012700100179,2020년 1월 27일 13시,월요일,광주광역시 광산구 우산동,경상사고,0,0,1,0,차대사람 - 횡단중,안전운전불이행,포장 - 젖음/습기,비,단일로 - 기타,승용,여,42세,상해없음,보행자,남,7세,경상
3077,2020012700100305,2020년 1월 27일 18시,월요일,광주광역시 북구 신안동,중상사고,0,1,0,0,차대사람 - 횡단중,과속,포장 - 젖음/습기,비,단일로 - 기타,승용,남,59세,상해없음,보행자,남,76세,중상
3078,2020012700100306,2020년 1월 27일 18시,월요일,광주광역시 광산구 송정동,중상사고,0,1,0,0,차대사람 - 차도통행중,안전운전불이행,포장 - 젖음/습기,비,단일로 - 기타,화물,남,64세,상해없음,보행자,남,64세,중상
3079,2020012800100010,2020년 1월 28일 00시,화요일,광주광역시 북구 운암동,경상사고,0,0,1,0,차대사람 - 횡단중,보행자보호의무위반,포장 - 건조,맑음,교차로 - 교차로횡단보도내,승용,남,73세,상해없음,보행자,남,24세,경상
3080,2020012800100081,2020년 1월 28일 07시,화요일,광주광역시 서구 금호동,중상사고,0,2,1,0,차대사람 - 횡단중,안전운전불이행,포장 - 건조,맑음,교차로 - 교차로횡단보도내,승용,남,52세,상해없음,보행자,여,21세,경상
3081,2020012800100111,2020년 1월 28일 08시,화요일,광주광역시 서구 풍암동,경상사고,0,0,1,0,차대사람 - 횡단중,안전운전불이행,포장 - 건조,맑음,교차로 - 교차로횡단보도내,승합,남,54세,상해없음,보행자,여,77세,경상
3082,2020012800100228,2020년 1월 28일 12시,화요일,광주광역시 광산구 운남동,경상사고,0,0,1,0,차대사람 - 차도통행중,안전운전불이행,포장 - 건조,맑음,기타 - 기타,승용,남,20세,상해없음,보행자,여,56세,경상
3083,2020012800100253,2020년 1월 28일 13시,화요일,광주광역시 서구 화정동,경상사고,0,0,1,0,차대사람 - 보도통행중,안전운전불이행,포장 - 건조,맑음,단일로 - 기타,이륜,남,31세,상해없음,보행자,남,27세,경상
3084,2020012800100284,2020년 1월 28일 14시,화요일,광주광역시 남구 주월동,중상사고,0,1,0,0,차대사람 - 차도통행중,교차로운행방법위반,포장 - 건조,맑음,교차로 - 교차로안,승합,남,45세,상해없음,보행자,여,78세,중상
3085,2020012800100447,2020년 1월 28일 19시,화요일,광주광역시 서구 화정동,경상사고,0,0,1,0,차대사람 - 횡단중,보행자보호의무위반,포장 - 건조,맑음,단일로 - 기타,승용,남,35세,상해없음,보행자,남,16세,경상
3086,2020012900100177,2020년 1월 29일 11시,수요일,광주광역시 북구 두암동,중상사고,0,1,0,0,차대사람 - 기타,안전운전불이행,포장 - 건조,맑음,교차로 - 교차로안,승용,남,62세,상해없음,보행자,남,56세,중상
3087,2020012900100299,2020년 1월 29일 15시,수요일,광주광역시 광산구 우산동,경상사고,0,0,1,0,차대사람 - 기타,안전운전불이행,포장 - 젖음/습기,비,단일로 - 기타,승용,남,55세,상해없음,보행자,남,53세,경상
3088,2020012900100433,2020년 1월 29일 19시,수요일,광주광역시 서구 쌍촌동,중상사고,0,1,0,0,차대사람 - 횡단중,안전운전불이행,포장 - 건조,맑음,교차로 - 교차로부근,승용,남,49세,상해없음,보행자,남,64세,중상
3089,2020012900100499,2020년 1월 29일 22시,수요일,광주광역시 북구 용봉동,경상사고,0,0,2,0,차대사람 - 차도통행중,안전운전불이행,포장 - 건조,맑음,단일로 - 기타,승용,남,36세,상해없음,보행자,남,36세,경상
3090,2020013000100226,2020년 1월 30일 11시,목요일,광주광역시 광산구 선암동,경상사고,0,0,2,0,차대사람 - 길가장자리구역통행중,안전운전불이행,포장 - 건조,맑음,교차로 - 교차로안,승용,남,49세,상해없음,보행자,여,32세,경상
3091,2020013000100393,2020년 1월 30일 16시,목요일,광주광역시 광산구 송정동,경상사고,0,0,1,0,차대사람 - 기타,안전운전불이행,포장 - 건조,맑음,단일로 - 기타,승용,남,59세,상해없음,보행자,여,66세,경상
3092,2020013000100579,2020년 1월 30일 23시,목요일,광주광역시 광산구 월계동,중상사고,0,1,0,0,차대사람 - 기타,안전운전불이행,포장 - 건조,맑음,교차로 - 교차로안,승용,여,56세,상해없음,보행자,남,55세,중상
3093,2020013100100252,2020년 1월 31일 13시,금요일,광주광역시 북구 일곡동,경상사고,0,0,1,0,차대사람 - 횡단중,보행자보호의무위반,포장 - 건조,맑음,교차로 - 교차로부근,승용,남,43세,상해없음,보행자,여,8세,경상
3094,2020013100100304,2020년 1월 31일 15시,금요일,광주광역시 남구 방림동,경상사고,0,0,1,0,차대사람 - 기타,중앙선침범,포장 - 건조,맑음,단일로 - 기타,승용,남,30세,상해없음,보행자,여,61세,경상
3095,2020013100100305,2020년 1월 31일 15시,금요일,광주광역시 북구 풍향동,중상사고,0,1,0,0,차대사람 - 기타,안전운전불이행,포장 - 건조,맑음,단일로 - 기타,승합,여,38세,상해없음,보행자,남,75세,중상
3096,2020013100100523,2020년 1월 31일 22시,금요일,광주광역시 서구 쌍촌동,경상사고,0,0,1,0,차대사람 - 길가장자리구역통행중,안전운전불이행,포장 - 건조,맑음,단일로 - 기타,기타불명,기타불명,미분류,기타불명,보행자,여,22세,경상
3097,2020020100100044,2020년 2월 1일 02시,토요일,광주광역시 광산구 신창동,경상사고,0,0,1,0,차대사람 - 차도통행중,안전운전불이행,포장 - 건조,맑음,교차로 - 교차로부근,승용,남,49세,상해없음,보행자,남,38세,경상
3098,2020020100100085,2020년 2월 1일 07시,토요일,광주광역시 남구 양림동,중상사고,0,1,0,0,차대사람 - 횡단중,보행자보호의무위반,포장 - 건조,맑음,교차로 - 교차로횡단보도내,승용,남,38세,상해없음,보행자,여,67세,중상
3099,2020020100100163,2020년 2월 1일 11시,토요일,광주광역시 남구 송하동,경상사고,0,0,1,0,차대사람 - 기타,안전운전불이행,포장 - 건조,맑음,단일로 - 기타,승용,남,34세,상해없음,보행자,남,23세,경상
3100,2020020100100354,2020년 2월 1일 18시,토요일,광주광역시 동구 계림동,경상사고,0,0,1,0,차대사람 - 기타,안전운전불이행,포장 - 건조,흐림,교차로 - 교차로안,승용,남,50세,상해없음,보행자,남,52세,경상
3101,2020020100100424,2020년 2월 1일 21시,토요일,광주광역시 서구 치평동,경상사고,0,0,1,0,차대사람 - 횡단중,보행자보호의무위반,포장 - 건조,흐림,단일로 - 지하차도(도로)내,승용,여,23세,상해없음,보행자,남,9세,경상
3102,2020020200100049,2020년 2월 2일 03시,일요일,광주광역시 동구 금동,경상사고,0,0,1,0,차대사람 - 기타,안전운전불이행,포장 - 건조,맑음,단일로 - 기타,승용,남,29세,상해없음,보행자,남,25세,경상
3103,2020020300100060,2020년 2월 3일 07시,월요일,광주광역시 북구 문흥동,중상사고,0,1,0,0,차대사람 - 횡단중,보행자보호의무위반,포장 - 서리/결빙,흐림,교차로 - 교차로횡단보도내,승용,남,28세,상해없음,보행자,여,49세,중상
3104,2020020300100212,2020년 2월 3일 11시,월요일,광주광역시 서구 화정동,중상사고,0,1,0,0,차대사람 - 차도통행중,기타,포장 - 건조,맑음,단일로 - 기타,승용,남,62세,상해없음,보행자,여,77세,중상
3105,2020020300100364,2020년 2월 3일 15시,월요일,광주광역시 광산구 송정동,경상사고,0,0,1,0,차대사람 - 기타,안전운전불이행,포장 - 건조,맑음,기타 - 기타,승용,여,49세,상해없음,보행자,여,16세,경상
3106,2020020400100040,2020년 2월 4일 05시,화요일,광주광역시 서구 양동,중상사고,0,1,0,0,차대사람 - 횡단중,보행자보호의무위반,포장 - 건조,흐림,단일로 - 기타,승용,남,69세,기타불명,보행자,남,70세,중상
3107,2020020400100603,2020년 2월 4일 21시,화요일,광주광역시 서구 내방동,경상사고,0,0,1,0,차대사람 - 보도통행중,보행자보호의무위반,포장 - 건조,흐림,단일로 - 기타,승용,여,40세,상해없음,보행자,여,20세,경상
3108,2020020500100069,2020년 2월 5일 06시,수요일,광주광역시 북구 두암동,경상사고,0,0,1,0,차대사람 - 길가장자리구역통행중,안전운전불이행,포장 - 건조,맑음,교차로 - 교차로안,기타불명,기타불명,미분류,기타불명,보행자,여,72세,경상
3109,2020020500100567,2020년 2월 5일 19시,수요일,광주광역시 동구 소태동,경상사고,0,0,1,0,차대사람 - 보도통행중,기타,포장 - 건조,맑음,교차로 - 교차로부근,자전거,남,11세,상해없음,보행자,여,72세,경상
3110,2020020600100139,2020년 2월 6일 08시,목요일,광주광역시 동구 동명동,부상신고사고,0,0,0,1,차대사람 - 기타,안전운전불이행,포장 - 건조,맑음,단일로 - 기타,승용,남,26세,상해없음,보행자,남,28세,부상신고
3111,2020020600100140,2020년 2월 6일 08시,목요일,광주광역시 서구 유촌동,경상사고,0,0,1,0,차대사람 - 횡단중,보행자보호의무위반,포장 - 건조,맑음,교차로 - 교차로안,승용,여,41세,상해없음,보행자,여,29세,경상
3112,2020020600100440,2020년 2월 6일 17시,목요일,광주광역시 남구 봉선동,중상사고,0,1,0,0,차대사람 - 기타,안전운전불이행,포장 - 건조,맑음,단일로 - 기타,승용,여,54세,상해없음,보행자,여,37세,중상
3113,2020020700100203,2020년 2월 7일 10시,금요일,광주광역시 동구 산수동,경상사고,0,0,1,0,차대사람 - 기타,안전운전불이행,포장 - 건조,맑음,교차로 - 교차로부근,화물,남,47세,상해없음,보행자,여,83세,경상
3114,2020020700100569,2020년 2월 7일 19시,금요일,광주광역시 서구 쌍촌동,경상사고,0,0,1,0,차대사람 - 기타,안전운전불이행,포장 - 건조,맑음,교차로 - 교차로부근,승용,남,60세,상해없음,보행자,남,57세,경상
3115,2020020700100652,2020년 2월 7일 21시,금요일,광주광역시 북구 양산동,경상사고,0,0,1,0,차대사람 - 기타,안전운전불이행,포장 - 건조,맑음,교차로 - 교차로부근,승용,남,50세,상해없음,보행자,남,53세,경상
3116,2020020800100087,2020년 2월 8일 05시,토요일,광주광역시 서구 치평동,경상사고,0,0,1,0,차대사람 - 기타,안전운전불이행,포장 - 건조,맑음,교차로 - 교차로안,승용,남,49세,상해없음,보행자,남,19세,상해없음
3117,2020020800100170,2020년 2월 8일 10시,토요일,광주광역시 남구 봉선동,중상사고,0,1,0,0,차대사람 - 기타,신호위반,포장 - 건조,맑음,단일로 - 기타,화물,남,60세,상해없음,보행자,남,79세,중상
3118,2020020800100293,2020년 2월 8일 14시,토요일,광주광역시 서구 화정동,경상사고,0,0,1,0,차대사람 - 횡단중,보행자보호의무위반,포장 - 건조,맑음,교차로 - 교차로안,승용,남,75세,상해없음,보행자,남,12세,경상
3119,2020020900100146,2020년 2월 9일 11시,일요일,광주광역시 북구 두암동,경상사고,0,0,1,0,차대사람 - 기타,기타,포장 - 건조,맑음,기타 - 기타,승용,남,71세,상해없음,보행자,여,66세,경상
3120,2020021000100010,2020년 2월 10일 00시,월요일,광주광역시 광산구 우산동,경상사고,0,0,1,0,차대사람 - 횡단중,안전운전불이행,포장 - 건조,맑음,교차로 - 교차로안,승용,남,60세,상해없음,보행자,남,25세,경상
3121,2020021000100289,2020년 2월 10일 12시,월요일,광주광역시 남구 양림동,경상사고,0,0,1,0,차대사람 - 길가장자리구역통행중,안전운전불이행,포장 - 건조,맑음,단일로 - 기타,승용,여,76세,기타불명,보행자,여,26세,경상
3122,2020021000100344,2020년 2월 10일 14시,월요일,광주광역시 북구 각화동,경상사고,0,0,1,0,차대사람 - 기타,안전운전불이행,포장 - 건조,맑음,기타 - 기타,이륜,남,45세,기타불명,보행자,남,47세,경상
3123,2020021000100654,2020년 2월 10일 23시,월요일,광주광역시 북구 오치동,경상사고,0,0,1,0,차대사람 - 기타,안전운전불이행,포장 - 건조,맑음,단일로 - 기타,승용,여,35세,상해없음,보행자,여,52세,경상
3124,2020021100100389,2020년 2월 11일 16시,화요일,광주광역시 북구 중흥동,경상사고,0,0,1,0,차대사람 - 기타,안전운전불이행,포장 - 건조,맑음,단일로 - 기타,승용,남,66세,상해없음,보행자,여,50세,경상
3125,2020021200100143,2020년 2월 12일 08시,수요일,광주광역시 동구 불로동,경상사고,0,0,1,0,차대사람 - 기타,기타,포장 - 건조,맑음,단일로 - 기타,승용,남,77세,상해없음,보행자,여,27세,경상
3126,2020021200100145,2020년 2월 12일 08시,수요일,광주광역시 북구 신용동,중상사고,0,1,0,0,차대사람 - 기타,안전운전불이행,포장 - 젖음/습기,비,교차로 - 교차로부근,승용,여,29세,상해없음,보행자,남,46세,중상
3127,2020021200100194,2020년 2월 12일 10시,수요일,광주광역시 북구 오치동,중상사고,0,1,0,0,차대사람 - 횡단중,신호위반,포장 - 젖음/습기,흐림,단일로 - 기타,이륜,남,51세,상해없음,보행자,여,56세,중상
3128,2020021200100460,2020년 2월 12일 18시,수요일,광주광역시 서구 광천동,중상사고,0,1,0,0,차대사람 - 기타,안전운전불이행,포장 - 건조,맑음,단일로 - 기타,승용,남,69세,상해없음,보행자,남,68세,중상
3129,2020021300100355,2020년 2월 13일 16시,목요일,광주광역시 북구 운암동,경상사고,0,0,2,0,차대사람 - 기타,안전운전불이행,포장 - 건조,맑음,단일로 - 기타,승용,남,63세,상해없음,보행자,남,58세,경상
3130,2020021300100403,2020년 2월 13일 17시,목요일,광주광역시 동구 지산동,경상사고,0,0,1,0,차대사람 - 기타,안전운전불이행,포장 - 건조,맑음,기타 - 기타,승합,남,46세,상해없음,보행자,남,79세,경상
3131,2020021400100046,2020년 2월 14일 05시,금요일,광주광역시 남구 봉선동,경상사고,0,0,1,0,차대사람 - 기타,안전운전불이행,포장 - 건조,맑음,단일로 - 기타,승용,남,65세,상해없음,보행자,남,34세,경상
3132,2020021400100071,2020년 2월 14일 06시,금요일,광주광역시 서구 풍암동,경상사고,0,0,1,0,차대사람 - 횡단중,보행자보호의무위반,포장 - 건조,맑음,교차로 - 교차로횡단보도내,승용,남,57세,상해없음,보행자,남,42세,경상
3133,2020021400100541,2020년 2월 14일 19시,금요일,광주광역시 광산구 신가동,중상사고,0,1,0,0,차대사람 - 횡단중,안전운전불이행,포장 - 건조,맑음,단일로 - 기타,승용,여,41세,상해없음,보행자,여,29세,중상
3134,2020021500100022,2020년 2월 15일 00시,토요일,광주광역시 광산구 우산동,경상사고,0,0,1,0,차대사람 - 기타,안전운전불이행,포장 - 건조,맑음,기타 - 기타,승용,남,70세,상해없음,보행자,여,21세,경상
3135,2020021500100053,2020년 2월 15일 02시,토요일,광주광역시 서구 치평동,경상사고,0,0,1,0,차대사람 - 기타,안전운전불이행,포장 - 건조,흐림,교차로 - 교차로안,승용,남,62세,상해없음,보행자,남,32세,경상
3136,2020021500100469,2020년 2월 15일 19시,토요일,광주광역시 서구 화정동,경상사고,0,0,1,0,차대사람 - 횡단중,신호위반,포장 - 젖음/습기,흐림,단일로 - 기타,원동기,남,42세,상해없음,보행자,여,15세,경상
3137,2020021600100068,2020년 2월 16일 02시,일요일,광주광역시 서구 치평동,경상사고,0,0,2,0,차대사람 - 횡단중,신호위반,포장 - 젖음/습기,비,교차로 - 교차로횡단보도내,승용,남,34세,상해없음,보행자,남,22세,경상
3138,2020021600100086,2020년 2월 16일 03시,일요일,광주광역시 서구 화정동,경상사고,0,0,1,0,차대사람 - 기타,안전운전불이행,포장 - 젖음/습기,비,교차로 - 교차로안,승용,남,62세,상해없음,보행자,남,38세,경상
3139,2020021600100101,2020년 2월 16일 04시,일요일,광주광역시 남구 봉선동,경상사고,0,0,1,0,차대사람 - 횡단중,안전운전불이행,포장 - 건조,맑음,교차로 - 교차로안,승용,남,24세,상해없음,보행자,남,22세,경상