,사고번호,사고일시,요일,시군구,사고내용,사망자수,중상자수,경상자수,부상신고자수,사고유형,법규위반,노면상태,기상상태,도로형태,가해운전자 차종,가해운전자 성별,가해운전자 연령,가해운전자 상해정도,피해운전자 차종,피해운전자 성별,피해운전자 연령,피해운전자 상해정도
3140,2020021600100465,2020년 2월 16일 21시,일요일,광주광역시 서구 풍암동,경상사고,0,0,2,0,차대사람 - 차도통행중,안전운전불이행,포장 - 건조,흐림,교차로 - 교차로안,승용,남,54세,상해없음,보행자,여,36세,경상
3141,2020021700100190,2020년 2월 17일 10시,월요일,광주광역시 서구 농성동,중상사고,0,1,0,0,차대사람 - 횡단중,보행자보호의무위반,포장 - 젖음/습기,눈,단일로 - 기타,승용,여,65세,상해없음,보행자,남,67세,중상
3142,2020021700100250,2020년 2월 17일 12시,월요일,광주광역시 북구 운암동,경상사고,0,0,1,0,차대사람 - 기타,안전운전불이행,포장 - 젖음/습기,눈,교차로 - 교차로안,승용,여,63세,상해없음,보행자,여,19세,경상
3143,2020021700100252,2020년 2월 17일 12시,월요일,광주광역시 광산구 월계동,경상사고,0,0,1,0,차대사람 - 기타,안전운전불이행,포장 - 건조,맑음,단일로 - 기타,승용,남,74세,상해없음,보행자,남,67세,경상
3144,2020021800100500,2020년 2월 18일 17시,화요일,광주광역시 북구 두암동,경상사고,0,0,1,0,차대사람 - 기타,안전운전불이행,포장 - 건조,맑음,교차로 - 교차로부근,승용,여,54세,상해없음,보행자,남,47세,경상
3145,2020021800100573,2020년 2월 18일 18시,화요일,광주광역시 서구 치평동,경상사고,0,0,1,0,차대사람 - 횡단중,안전운전불이행,포장 - 건조,맑음,교차로 - 교차로부근,승용,남,53세,상해없음,보행자,남,54세,경상
3146,2020021900100267,2020년 2월 19일 12시,수요일,광주광역시 광산구 우산동,경상사고,0,0,1,0,차대사람 - 기타,안전운전불이행,포장 - 건조,맑음,교차로 - 교차로부근,승용,남,54세,상해없음,보행자,남,41세,경상
3147,2020021900100580,2020년 2월 19일 19시,수요일,광주광역시 서구 화정동,경상사고,0,0,1,0,차대사람 - 길가장자리구역통행중,안전운전불이행,포장 - 건조,맑음,단일로 - 기타,화물,남,28세,상해없음,보행자,여,53세,경상
3148,2020021900100581,2020년 2월 19일 19시,수요일,광주광역시 서구 쌍촌동,경상사고,0,0,1,0,차대사람 - 횡단중,안전운전불이행,포장 - 건조,맑음,단일로 - 기타,이륜,남,27세,상해없음,보행자,여,50세,경상
3149,2020021900100625,2020년 2월 19일 20시,수요일,광주광역시 북구 두암동,부상신고사고,0,0,0,1,차대사람 - 기타,안전운전불이행,포장 - 건조,흐림,단일로 - 기타,승용,남,40세,상해없음,보행자,남,20세,부상신고
3150,2020022000100343,2020년 2월 20일 14시,목요일,광주광역시 서구 쌍촌동,중상사고,0,1,0,0,차대사람 - 횡단중,신호위반,포장 - 건조,맑음,교차로 - 교차로횡단보도내,승용,남,67세,상해없음,보행자,여,45세,중상
3151,2020022000100436,2020년 2월 20일 16시,목요일,광주광역시 북구 용봉동,중상사고,0,1,0,0,차대사람 - 횡단중,안전운전불이행,포장 - 건조,맑음,교차로 - 교차로안,화물,남,51세,상해없음,보행자,남,7세,중상
3152,2020022000100470,2020년 2월 20일 17시,목요일,광주광역시 광산구 비아동,경상사고,0,0,1,0,차대사람 - 횡단중,안전운전불이행,비포장 - 건조,맑음,단일로 - 기타,승용,여,65세,상해없음,보행자,남,25세,경상
3153,2020022000100675,2020년 2월 20일 22시,목요일,광주광역시 북구 양산동,경상사고,0,0,1,0,차대사람 - 기타,안전운전불이행,포장 - 건조,맑음,단일로 - 기타,승용,여,30세,상해없음,보행자,남,36세,경상
3154,2020022100100029,2020년 2월 21일 01시,금요일,광주광역시 북구 운암동,경상사고,0,0,1,0,차대사람 - 기타,안전운전불이행,포장 - 건조,맑음,단일로 - 기타,승용,남,52세,상해없음,보행자,남,22세,경상
3155,2020022100100117,2020년 2월 21일 07시,금요일,광주광역시 광산구 우산동,경상사고,0,0,1,0,차대사람 - 횡단중,보행자보호의무위반,포장 - 건조,맑음,기타 - 기타,승용,남,50세,기타불명,보행자,남,53세,경상
3156,2020022100100534,2020년 2월 21일 19시,금요일,광주광역시 동구 지산동,경상사고,0,0,1,0,차대사람 - 기타,보행자보호의무위반,포장 - 젖음/습기,비,기타 - 기타,승용,여,34세,상해없음,보행자,남,27세,경상
3157,2020022100100535,2020년 2월 21일 19시,금요일,광주광역시 서구 쌍촌동,중상사고,0,1,1,0,차대사람 - 횡단중,안전운전불이행,포장 - 젖음/습기,비,단일로 - 기타,이륜,남,27세,경상,보행자,여,62세,중상
3158,2020022100100536,2020년 2월 21일 19시,금요일,광주광역시 북구 임동,경상사고,0,0,1,0,차대사람 - 기타,중앙선침범,포장 - 젖음/습기,비,단일로 - 기타,승용,여,59세,상해없음,보행자,남,48세,경상
3159,2020022200100091,2020년 2월 22일 05시,토요일,광주광역시 남구 월산동,중상사고,0,1,0,0,차대사람 - 횡단중,보행자보호의무위반,포장 - 젖음/습기,맑음,단일로 - 기타,승용,남,32세,상해없음,보행자,여,20세,중상
3160,2020022200100146,2020년 2월 22일 09시,토요일,광주광역시 서구 광천동,경상사고,0,0,1,0,차대사람 - 기타,기타,포장 - 건조,맑음,기타 - 기타,승합,남,53세,상해없음,보행자,여,60세,경상
3161,2020022300100099,2020년 2월 23일 10시,일요일,광주광역시 동구 학동,경상사고,0,0,1,0,차대사람 - 차도통행중,안전운전불이행,포장 - 건조,맑음,단일로 - 기타,승용,남,61세,상해없음,보행자,남,20세,경상
3162,2020022400100010,2020년 2월 24일 01시,월요일,광주광역시 북구 용봉동,경상사고,0,0,1,0,차대사람 - 기타,안전운전불이행,포장 - 건조,맑음,단일로 - 기타,승용,남,16세,상해없음,보행자,남,23세,경상
3163,2020022400100072,2020년 2월 24일 07시,월요일,광주광역시 남구 백운동,사망사고,1,0,0,0,차대사람 - 횡단중,안전운전불이행,포장 - 건조,맑음,단일로 - 기타,승용,남,48세,상해없음,보행자,여,81세,사망
3164,2020022400100073,2020년 2월 24일 07시,월요일,광주광역시 북구 운암동,중상사고,0,1,0,0,차대사람 - 횡단중,안전운전불이행,포장 - 건조,맑음,단일로 - 기타,화물,남,64세,상해없음,보행자,여,66세,중상
3165,2020022400100128,2020년 2월 24일 09시,월요일,광주광역시 광산구 송정동,경상사고,0,0,1,0,차대사람 - 길가장자리구역통행중,안전운전불이행,포장 - 건조,맑음,단일로 - 기타,기타불명,기타불명,미분류,기타불명,보행자,여,18세,경상
3166,2020022400100247,2020년 2월 24일 13시,월요일,광주광역시 북구 동림동,경상사고,0,0,1,0,차대사람 - 기타,안전운전불이행,포장 - 건조,맑음,단일로 - 기타,자전거,남,42세,상해없음,보행자,남,64세,경상
3167,2020022400100365,2020년 2월 24일 17시,월요일,광주광역시 광산구 월계동,중상사고,0,1,0,0,차대사람 - 횡단중,교차로운행방법위반,포장 - 건조,맑음,교차로 - 교차로안,화물,남,54세,상해없음,보행자,여,56세,중상
3168,2020022500100444,2020년 2월 25일 21시,화요일,광주광역시 남구 주월동,중상사고,0,1,0,0,차대사람 - 횡단중,안전운전불이행,포장 - 젖음/습기,맑음,단일로 - 기타,화물,남,63세,상해없음,보행자,여,50세,중상
3169,2020022600100175,2020년 2월 26일 11시,수요일,광주광역시 북구 중흥동,경상사고,0,0,1,0,차대사람 - 기타,안전운전불이행,포장 - 건조,맑음,단일로 - 기타,승용,남,42세,상해없음,보행자,남,34세,경상
3170,2020022600100240,2020년 2월 26일 14시,수요일,광주광역시 서구 내방동,중상사고,0,1,0,0,차대사람 - 차도통행중,안전운전불이행,포장 - 건조,맑음,교차로 - 교차로안,승용,남,23세,상해없음,보행자,남,65세,중상
3171,2020022700100012,2020년 2월 27일 00시,목요일,광주광역시 광산구 우산동,경상사고,0,0,2,0,차대사람 - 차도통행중,안전운전불이행,포장 - 건조,맑음,교차로 - 교차로안,승용,남,42세,상해없음,보행자,남,49세,경상
3172,2020022800100143,2020년 2월 28일 11시,금요일,광주광역시 서구 농성동,경상사고,0,0,1,0,차대사람 - 횡단중,안전운전불이행,포장 - 젖음/습기,비,단일로 - 기타,승용,여,46세,상해없음,보행자,여,21세,경상
3173,2020022800100213,2020년 2월 28일 14시,금요일,광주광역시 남구 진월동,경상사고,0,0,1,0,차대사람 - 기타,안전운전불이행,포장 - 건조,맑음,단일로 - 기타,승용,남,65세,상해없음,보행자,남,57세,경상
3174,2020022900100284,2020년 2월 29일 17시,토요일,광주광역시 북구 문흥동,중상사고,0,1,0,0,차대사람 - 기타,안전운전불이행,포장 - 건조,맑음,기타 - 기타,승용,남,55세,상해없음,보행자,여,73세,중상
3175,2020030100100011,2020년 3월 1일 00시,일요일,광주광역시 서구 쌍촌동,경상사고,0,0,1,0,차대사람 - 기타,안전운전불이행,포장 - 건조,맑음,단일로 - 기타,승용,남,32세,상해없음,보행자,남,26세,경상
3176,2020030100100085,2020년 3월 1일 11시,일요일,광주광역시 광산구 도산동,경상사고,0,0,1,0,차대사람 - 기타,안전운전불이행,포장 - 건조,맑음,주차장 - 주차장,승용,여,62세,상해없음,보행자,여,59세,경상
3177,2020030200100020,2020년 3월 2일 03시,월요일,광주광역시 북구 두암동,중상사고,0,1,0,0,차대사람 - 횡단중,안전운전불이행,포장 - 건조,맑음,교차로 - 교차로부근,승용,남,52세,기타불명,보행자,여,65세,중상
3178,2020030300100158,2020년 3월 3일 11시,화요일,광주광역시 북구 운암동,중상사고,0,1,0,0,차대사람 - 기타,안전운전불이행,포장 - 건조,맑음,교차로 - 교차로안,승용,남,82세,상해없음,보행자,남,73세,중상
3179,2020030300100179,2020년 3월 3일 12시,화요일,광주광역시 북구 각화동,경상사고,0,0,1,0,차대사람 - 횡단중,안전운전불이행,포장 - 건조,맑음,교차로 - 교차로횡단보도내,기타불명,기타불명,미분류,기타불명,보행자,남,64세,경상
3180,2020030300100358,2020년 3월 3일 20시,화요일,광주광역시 광산구 비아동,중상사고,0,1,0,0,차대사람 - 기타,안전운전불이행,포장 - 건조,맑음,단일로 - 기타,화물,남,62세,기타불명,보행자,여,60세,중상
3181,2020030300100376,2020년 3월 3일 21시,화요일,광주광역시 북구 오치동,경상사고,0,0,1,0,차대사람 - 차도통행중,안전운전불이행,포장 - 건조,맑음,단일로 - 기타,승용,남,44세,상해없음,보행자,남,43세,경상
3182,2020030400100161,2020년 3월 4일 12시,수요일,광주광역시 남구 양과동,경상사고,0,0,1,0,차대사람 - 기타,안전운전불이행,포장 - 건조,맑음,단일로 - 기타,화물,남,42세,상해없음,보행자,남,30세,경상
3183,2020030400100224,2020년 3월 4일 15시,수요일,광주광역시 광산구 우산동,경상사고,0,0,1,0,차대사람 - 기타,안전운전불이행,포장 - 건조,맑음,단일로 - 기타,승용,여,53세,상해없음,보행자,남,9세,경상
3184,2020030400100254,2020년 3월 4일 16시,수요일,광주광역시 남구 백운동,경상사고,0,0,1,0,차대사람 - 횡단중,신호위반,포장 - 건조,맑음,교차로 - 교차로횡단보도내,원동기,남,83세,상해없음,보행자,남,66세,경상
3185,2020030400100314,2020년 3월 4일 18시,수요일,광주광역시 동구 황금동,경상사고,0,0,1,0,차대사람 - 기타,안전운전불이행,포장 - 건조,맑음,단일로 - 기타,화물,남,44세,상해없음,보행자,여,14세,경상
3186,2020030500100226,2020년 3월 5일 13시,목요일,광주광역시 동구 대인동,중상사고,0,1,0,0,차대사람 - 기타,안전운전불이행,포장 - 건조,맑음,단일로 - 기타,승용,남,77세,상해없음,보행자,여,65세,중상
3187,2020030500100369,2020년 3월 5일 18시,목요일,광주광역시 동구 계림동,경상사고,0,0,1,0,차대사람 - 기타,안전운전불이행,포장 - 건조,흐림,단일로 - 기타,승용,여,59세,상해없음,보행자,여,58세,경상
3188,2020030600100247,2020년 3월 6일 13시,금요일,광주광역시 서구 화정동,중상사고,0,1,0,0,차대사람 - 횡단중,안전운전불이행,포장 - 건조,맑음,교차로 - 교차로부근,승용,남,39세,상해없음,보행자,남,68세,중상
3189,2020030600100314,2020년 3월 6일 15시,금요일,광주광역시 서구 쌍촌동,경상사고,0,0,1,0,차대사람 - 횡단중,안전운전불이행,포장 - 건조,맑음,단일로 - 기타,승용,여,63세,상해없음,보행자,여,23세,경상
3190,2020030600100580,2020년 3월 6일 23시,금요일,광주광역시 북구 동림동,중상사고,0,1,0,0,차대사람 - 기타,안전운전불이행,포장 - 건조,맑음,단일로 - 기타,승용,남,33세,상해없음,보행자,남,37세,중상
3191,2020030700100042,2020년 3월 7일 03시,토요일,광주광역시 광산구 운남동,경상사고,0,0,1,0,차대사람 - 기타,안전운전불이행,포장 - 건조,맑음,교차로 - 교차로부근,승용,남,30세,기타불명,보행자,남,31세,경상
3192,2020030700100386,2020년 3월 7일 20시,토요일,광주광역시 서구 화정동,경상사고,0,0,1,0,차대사람 - 횡단중,신호위반,포장 - 건조,흐림,단일로 - 기타,승용,여,38세,상해없음,보행자,여,37세,경상
3193,2020030800100048,2020년 3월 8일 04시,일요일,광주광역시 서구 치평동,경상사고,0,0,1,0,차대사람 - 기타,안전운전불이행,포장 - 건조,흐림,교차로 - 교차로부근,승용,남,26세,상해없음,보행자,남,28세,경상
3194,2020030800100337,2020년 3월 8일 20시,일요일,광주광역시 서구 쌍촌동,경상사고,0,0,1,0,차대사람 - 기타,안전운전불이행,포장 - 건조,맑음,단일로 - 기타,승용,남,61세,상해없음,보행자,여,21세,경상
3195,2020030800100371,2020년 3월 8일 23시,일요일,광주광역시 동구 금동,경상사고,0,0,1,0,차대사람 - 기타,안전운전불이행,포장 - 건조,맑음,단일로 - 기타,승용,남,56세,상해없음,보행자,남,20세,경상
3196,2020030800100372,2020년 3월 8일 23시,일요일,광주광역시 서구 화정동,경상사고,0,0,1,0,차대사람 - 기타,안전운전불이행,포장 - 건조,맑음,단일로 - 기타,승용,여,59세,상해없음,보행자,남,70세,경상
3197,2020030900100006,2020년 3월 9일 00시,월요일,광주광역시 광산구 우산동,중상사고,0,1,0,0,차대사람 - 기타,안전운전불이행,포장 - 건조,맑음,단일로 - 기타,승용,남,35세,상해없음,보행자,남,49세,중상
3198,2020030900100251,2020년 3월 9일 13시,월요일,광주광역시 남구 방림동,중상사고,0,1,0,0,차대사람 - 횡단중,안전운전불이행,포장 - 건조,맑음,단일로 - 기타,승용,여,23세,상해없음,보행자,남,81세,중상
3199,2020030900100307,2020년 3월 9일 15시,월요일,광주광역시 북구 오치동,경상사고,0,0,1,0,차대사람 - 보도통행중,안전운전불이행,포장 - 건조,맑음,단일로 - 기타,승용,여,37세,상해없음,보행자,여,55세,경상
3200,2020030900100399,2020년 3월 9일 18시,월요일,광주광역시 서구 풍암동,경상사고,0,0,1,0,차대사람 - 기타,기타,포장 - 건조,맑음,기타 - 기타,승용,남,56세,상해없음,보행자,여,28세,경상
3201,2020030900100541,2020년 3월 9일 23시,월요일,광주광역시 광산구 운남동,부상신고사고,0,0,0,1,차대사람 - 횡단중,안전운전불이행,포장 - 젖음/습기,비,단일로 - 기타,승용,남,44세,상해없음,보행자,남,40세,부상신고
3202,2020031000100072,2020년 3월 10일 06시,화요일,광주광역시 남구 진월동,중상사고,0,1,0,0,차대사람 - 횡단중,안전운전불이행,포장 - 건조,맑음,단일로 - 기타,승용,여,22세,상해없음,보행자,남,79세,중상
3203,2020031100100169,2020년 3월 11일 11시,수요일,광주광역시 서구 금호동,경상사고,0,0,1,0,차대사람 - 보도통행중,안전운전불이행,포장 - 건조,맑음,단일로 - 기타,이륜,남,80세,상해없음,보행자,여,58세,경상
3204,2020031100100202,2020년 3월 11일 12시,수요일,광주광역시 남구 양림동,중상사고,0,1,0,0,차대사람 - 기타,안전운전불이행,포장 - 건조,맑음,교차로 - 교차로부근,화물,남,66세,상해없음,보행자,여,62세,중상
3205,2020031100100259,2020년 3월 11일 14시,수요일,광주광역시 서구 금호동,경상사고,0,0,1,0,차대사람 - 횡단중,신호위반,포장 - 건조,맑음,단일로 - 기타,승용,남,49세,상해없음,보행자,남,28세,경상
3206,2020031100100475,2020년 3월 11일 20시,수요일,광주광역시 북구 우산동,부상신고사고,0,0,0,1,차대사람 - 기타,안전운전불이행,포장 - 건조,맑음,단일로 - 기타,기타불명,기타불명,미분류,기타불명,보행자,남,22세,부상신고
3207,2020031100100498,2020년 3월 11일 21시,수요일,광주광역시 광산구 신가동,경상사고,0,0,1,0,차대사람 - 기타,안전운전불이행,포장 - 건조,맑음,단일로 - 기타,승용,남,35세,상해없음,보행자,남,51세,경상
3208,2020031200100227,2020년 3월 12일 12시,목요일,광주광역시 광산구 도산동,경상사고,0,0,1,0,차대사람 - 횡단중,안전운전불이행,포장 - 건조,맑음,교차로 - 교차로부근,승용,여,49세,상해없음,보행자,여,21세,경상
3209,2020031300100451,2020년 3월 13일 20시,금요일,광주광역시 서구 쌍촌동,중상사고,0,1,0,0,차대사람 - 횡단중,안전운전불이행,포장 - 건조,맑음,교차로 - 교차로안,승용,남,46세,상해없음,보행자,여,69세,중상
3210,2020031400100023,2020년 3월 14일 00시,토요일,광주광역시 북구 용봉동,경상사고,0,0,1,0,차대사람 - 차도통행중,안전운전불이행,포장 - 건조,맑음,단일로 - 기타,승용,남,52세,상해없음,보행자,남,43세,경상
3211,2020031400100065,2020년 3월 14일 04시,토요일,광주광역시 서구 치평동,경상사고,0,0,1,0,차대사람 - 차도통행중,안전운전불이행,포장 - 건조,맑음,교차로 - 교차로안,승용,남,30세,상해없음,보행자,남,38세,경상
3212,2020031400100193,2020년 3월 14일 11시,토요일,광주광역시 남구 진월동,중상사고,0,1,0,0,차대사람 - 횡단중,안전운전불이행,포장 - 건조,맑음,단일로 - 기타,승용,여,43세,상해없음,보행자,여,62세,중상
3213,2020031400100360,2020년 3월 14일 16시,토요일,광주광역시 북구 삼각동,경상사고,0,0,1,0,차대사람 - 횡단중,신호위반,포장 - 건조,맑음,교차로 - 교차로안,승용,남,55세,상해없음,보행자,여,11세,경상
3214,2020031400100475,2020년 3월 14일 20시,토요일,광주광역시 서구 금호동,중상사고,0,1,0,0,차대사람 - 기타,안전운전불이행,포장 - 건조,맑음,단일로 - 기타,승용,남,29세,상해없음,보행자,남,53세,중상
3215,2020031500100059,2020년 3월 15일 05시,일요일,광주광역시 광산구 우산동,부상신고사고,0,0,0,1,차대사람 - 기타,안전운전불이행,포장 - 건조,맑음,단일로 - 기타,승용,남,66세,기타불명,보행자,여,23세,부상신고
3216,2020031500100283,2020년 3월 15일 19시,일요일,광주광역시 북구 중흥동,경상사고,0,0,1,0,차대사람 - 기타,안전운전불이행,포장 - 건조,맑음,단일로 - 기타,승용,남,55세,상해없음,보행자,남,54세,경상
3217,2020031500100321,2020년 3월 15일 21시,일요일,광주광역시 북구 용봉동,부상신고사고,0,0,0,1,차대사람 - 차도통행중,안전운전불이행,포장 - 건조,맑음,단일로 - 기타,개인형이동수단(PM),여,26세,상해없음,보행자,남,43세,부상신고
3218,2020031500100350,2020년 3월 15일 23시,일요일,광주광역시 북구 오치동,중상사고,0,2,0,0,차대사람 - 횡단중,보행자보호의무위반,포장 - 건조,맑음,교차로 - 교차로횡단보도내,이륜,남,17세,중상,보행자,여,29세,중상
3219,2020031700100115,2020년 3월 17일 09시,화요일,광주광역시 서구 풍암동,경상사고,0,0,1,0,차대사람 - 기타,안전운전불이행,포장 - 건조,맑음,단일로 - 기타,승용,남,26세,상해없음,보행자,남,28세,경상
3220,2020031800100011,2020년 3월 18일 00시,수요일,광주광역시 광산구 수완동,중상사고,0,1,0,0,차대사람 - 기타,안전운전불이행,포장 - 건조,맑음,교차로 - 교차로안,승용,남,25세,상해없음,보행자,여,22세,중상
3221,2020031800100175,2020년 3월 18일 11시,수요일,광주광역시 서구 화정동,중상사고,0,1,0,0,차대사람 - 기타,안전운전불이행,포장 - 건조,맑음,단일로 - 기타,승용,여,37세,상해없음,보행자,여,78세,중상
3222,2020031800100266,2020년 3월 18일 14시,수요일,광주광역시 북구 중흥동,중상사고,0,1,0,0,차대사람 - 횡단중,신호위반,포장 - 건조,맑음,단일로 - 기타,원동기,여,72세,상해없음,보행자,여,50세,중상
3223,2020031800100429,2020년 3월 18일 19시,수요일,광주광역시 남구 주월동,경상사고,0,0,1,0,차대사람 - 횡단중,신호위반,포장 - 건조,맑음,교차로 - 교차로횡단보도내,이륜,남,17세,상해없음,보행자,여,19세,경상
3224,2020031900100117,2020년 3월 19일 10시,목요일,광주광역시 북구 우산동,부상신고사고,0,0,0,1,차대사람 - 횡단중,보행자보호의무위반,포장 - 건조,맑음,교차로 - 교차로횡단보도내,승용,남,43세,상해없음,보행자,남,26세,부상신고
3225,2020031900100217,2020년 3월 19일 14시,목요일,광주광역시 서구 광천동,부상신고사고,0,0,0,1,차대사람 - 기타,안전운전불이행,포장 - 건조,맑음,단일로 - 기타,승용,남,49세,상해없음,보행자,남,39세,부상신고
3226,2020031900100218,2020년 3월 19일 14시,목요일,광주광역시 남구 주월동,경상사고,0,0,1,0,차대사람 - 기타,보행자보호의무위반,포장 - 건조,맑음,교차로 - 교차로부근,승용,여,36세,상해없음,보행자,남,81세,경상
3227,2020031900100278,2020년 3월 19일 16시,목요일,광주광역시 서구 내방동,경상사고,0,0,1,0,차대사람 - 차도통행중,안전운전불이행,포장 - 건조,맑음,단일로 - 기타,승용,여,28세,상해없음,보행자,여,73세,경상
3228,2020032000100147,2020년 3월 20일 09시,금요일,광주광역시 남구 진월동,중상사고,0,1,0,0,차대사람 - 기타,안전운전불이행,포장 - 건조,맑음,단일로 - 기타,승용,여,48세,상해없음,보행자,남,53세,중상
3229,2020032000100307,2020년 3월 20일 14시,금요일,광주광역시 북구 양산동,경상사고,0,0,1,0,차대사람 - 횡단중,안전운전불이행,포장 - 건조,맑음,단일로 - 기타,승용,여,53세,상해없음,보행자,남,58세,경상
3230,2020032000100535,2020년 3월 20일 20시,금요일,광주광역시 서구 금호동,경상사고,0,0,1,0,차대사람 - 기타,안전운전불이행,포장 - 건조,맑음,단일로 - 기타,개인형이동수단(PM),남,43세,상해없음,보행자,여,37세,경상
3231,2020032100100263,2020년 3월 21일 13시,토요일,광주광역시 북구 문흥동,중상사고,0,1,0,0,차대사람 - 횡단중,안전운전불이행,포장 - 건조,맑음,단일로 - 기타,승용,남,49세,상해없음,보행자,여,15세,중상
3232,2020032100100538,2020년 3월 21일 22시,토요일,광주광역시 서구 치평동,경상사고,0,0,1,0,차대사람 - 보도통행중,보행자보호의무위반,포장 - 건조,맑음,교차로 - 교차로횡단보도내,승용,남,55세,상해없음,보행자,남,50세,경상
3233,2020032200100156,2020년 3월 22일 12시,일요일,광주광역시 북구 수곡동,중상사고,0,1,0,0,차대사람 - 기타,안전운전불이행,포장 - 건조,맑음,기타 - 기타,승합,남,65세,상해없음,보행자,여,86세,중상
3234,2020032200100157,2020년 3월 22일 12시,일요일,광주광역시 광산구 하남동,중상사고,0,1,0,0,차대사람 - 횡단중,신호위반,포장 - 건조,맑음,교차로 - 교차로안,승용,여,53세,상해없음,보행자,여,16세,중상
3235,2020032200100286,2020년 3월 22일 17시,일요일,광주광역시 광산구 송정동,중상사고,0,1,0,0,차대사람 - 횡단중,신호위반,포장 - 건조,맑음,교차로 - 교차로횡단보도내,승용,남,62세,상해없음,보행자,남,31세,중상
3236,2020032300100041,2020년 3월 23일 06시,월요일,광주광역시 서구 금호동,경상사고,0,0,1,0,차대사람 - 횡단중,보행자보호의무위반,포장 - 건조,맑음,교차로 - 교차로부근,승용,남,44세,상해없음,보행자,남,31세,경상
3237,2020032300100474,2020년 3월 23일 19시,월요일,광주광역시 동구 학동,경상사고,0,0,1,0,차대사람 - 기타,안전운전불이행,포장 - 건조,맑음,단일로 - 기타,승용,남,32세,상해없음,보행자,남,64세,경상
3238,2020032300100577,2020년 3월 23일 23시,월요일,광주광역시 북구 두암동,경상사고,0,0,1,0,차대사람 - 기타,안전운전불이행,포장 - 건조,맑음,단일로 - 기타,승용,남,38세,상해없음,보행자,남,54세,경상
3239,2020032400100027,2020년 3월 24일 02시,화요일,광주광역시 서구 농성동,중상사고,0,1,0,0,차대사람 - 기타,안전운전불이행,포장 - 건조,맑음,단일로 - 기타,승용,남,25세,상해없음,보행자,여,42세,중상
3240,2020032400100197,2020년 3월 24일 11시,화요일,광주광역시 서구 농성동,경상사고,0,0,1,0,차대사람 - 기타,안전운전불이행,포장 - 건조,맑음,교차로 - 교차로안,특수,남,22세,상해없음,보행자,남,36세,경상
3241,2020032400100358,2020년 3월 24일 16시,화요일,광주광역시 북구 운암동,중상사고,0,1,0,0,차대사람 - 기타,안전운전불이행,포장 - 건조,맑음,교차로 - 교차로안,승용,여,57세,상해없음,보행자,남,7세,중상
3242,2020032400100440,2020년 3월 24일 18시,화요일,광주광역시 북구 문흥동,경상사고,0,0,1,0,차대사람 - 기타,안전운전불이행,포장 - 건조,맑음,단일로 - 기타,승용,남,63세,상해없음,보행자,남,25세,경상
3243,2020032400100441,2020년 3월 24일 18시,화요일,광주광역시 광산구 신창동,중상사고,0,1,0,0,차대사람 - 횡단중,보행자보호의무위반,포장 - 건조,맑음,단일로 - 기타,특수,남,55세,상해없음,보행자,여,5세,중상
3244,2020032500100192,2020년 3월 25일 11시,수요일,광주광역시 북구 풍향동,중상사고,0,1,0,0,차대사람 - 횡단중,보행자보호의무위반,포장 - 건조,맑음,교차로 - 교차로안,이륜,남,31세,상해없음,보행자,여,88세,중상
3245,2020032500100327,2020년 3월 25일 15시,수요일,광주광역시 남구 진월동,경상사고,0,0,1,0,차대사람 - 횡단중,보행자보호의무위반,포장 - 건조,맑음,단일로 - 기타,승용,남,68세,상해없음,보행자,남,10세,경상
3246,2020032500100511,2020년 3월 25일 20시,수요일,광주광역시 광산구 월곡동,경상사고,0,0,1,0,차대사람 - 길가장자리구역통행중,안전운전불이행,포장 - 건조,맑음,단일로 - 기타,사륜오토바이(ATV),기타불명,미분류,기타불명,보행자,남,33세,경상
3247,2020032600100418,2020년 3월 26일 19시,목요일,광주광역시 광산구 우산동,중상사고,0,1,0,0,차대사람 - 횡단중,안전운전불이행,포장 - 젖음/습기,비,교차로 - 교차로안,승용,여,29세,상해없음,보행자,남,50세,중상
3248,2020032600100460,2020년 3월 26일 20시,목요일,광주광역시 북구 동림동,중상사고,0,1,1,0,차대사람 - 횡단중,안전운전불이행,포장 - 젖음/습기,비,단일로 - 기타,이륜,남,35세,경상,보행자,남,59세,중상
3249,2020032600100494,2020년 3월 26일 21시,목요일,광주광역시 북구 용봉동,경상사고,0,0,1,0,차대사람 - 기타,안전운전불이행,포장 - 건조,맑음,단일로 - 기타,기타불명,기타불명,미분류,기타불명,보행자,남,59세,경상
3250,2020032600100495,2020년 3월 26일 21시,목요일,광주광역시 광산구 소촌동,중상사고,0,1,0,0,차대사람 - 횡단중,보행자보호의무위반,포장 - 젖음/습기,흐림,교차로 - 교차로횡단보도내,승용,여,41세,상해없음,보행자,여,58세,중상
3251,2020032700100135,2020년 3월 27일 09시,금요일,광주광역시 광산구 월계동,부상신고사고,0,0,0,1,차대사람 - 보도통행중,기타,포장 - 건조,맑음,단일로 - 기타,자전거,남,10세,상해없음,보행자,남,53세,부상신고