,사고번호,사고일시,요일,시군구,사고내용,사망자수,중상자수,경상자수,부상신고자수,사고유형,법규위반,노면상태,기상상태,도로형태,가해운전자 차종,가해운전자 성별,가해운전자 연령,가해운전자 상해정도,피해운전자 차종,피해운전자 성별,피해운전자 연령,피해운전자 상해정도
132,2021022100100178,2021년 2월 21일 14시,일요일,광주광역시 북구 용봉동,경상사고,0,0,1,0,차대사람 - 보도통행중,안전운전불이행,포장 - 건조,맑음,단일로 - 기타,개인형이동수단(PM),남,28세,상해없음,보행자,여,30세,경상
133,2021022100100258,2021년 2월 21일 16시,일요일,광주광역시 남구 진월동,경상사고,0,0,1,0,차대사람 - 차도통행중,안전운전불이행,포장 - 건조,맑음,단일로 - 기타,승용,남,73세,상해없음,보행자,여,44세,경상
134,2021022100100289,2021년 2월 21일 17시,일요일,광주광역시 서구 쌍촌동,경상사고,0,0,1,0,차대사람 - 차도통행중,안전운전불이행,포장 - 건조,맑음,교차로 - 교차로안,승용,남,30세,상해없음,보행자,여,81세,경상
135,2021022100100340,2021년 2월 21일 19시,일요일,광주광역시 광산구 송산동,중상사고,0,1,0,0,차대사람 - 길가장자리구역통행중,안전운전불이행,포장 - 건조,맑음,단일로 - 교량,화물,남,73세,상해없음,보행자,남,24세,중상
136,2021022200100100,2021년 2월 22일 08시,월요일,광주광역시 남구 노대동,경상사고,0,0,1,0,차대사람 - 횡단중,신호위반,포장 - 건조,맑음,교차로 - 교차로횡단보도내,승용,여,64세,상해없음,보행자,여,51세,경상
137,2021022200100387,2021년 2월 22일 16시,월요일,광주광역시 북구 중흥동,경상사고,0,0,1,0,차대사람 - 보도통행중,기타,포장 - 건조,맑음,단일로 - 기타,승용,남,28세,상해없음,보행자,남,67세,경상
138,2021022300100505,2021년 2월 23일 20시,화요일,광주광역시 서구 풍암동,중상사고,0,1,0,0,차대사람 - 차도통행중,안전운전불이행,포장 - 건조,맑음,기타 - 기타,승용,남,52세,상해없음,보행자,남,20세,중상
139,2021022400100052,2021년 2월 24일 07시,수요일,광주광역시 광산구 우산동,중상사고,0,1,0,0,차대사람 - 기타,안전운전불이행,포장 - 건조,맑음,단일로 - 기타,승용,남,30세,상해없음,보행자,여,65세,중상
140,2021022400100455,2021년 2월 24일 20시,수요일,광주광역시 북구 중흥동,경상사고,0,0,1,0,차대사람 - 기타,보행자보호의무위반,포장 - 건조,맑음,교차로 - 교차로횡단보도내,승용,남,82세,상해없음,보행자,남,18세,경상
141,2021022400100510,2021년 2월 24일 22시,수요일,광주광역시 남구 월산동,경상사고,0,0,3,0,차대사람 - 횡단중,신호위반,포장 - 건조,맑음,교차로 - 교차로안,승용,남,40세,상해없음,보행자,남,33세,경상
142,2021022500100075,2021년 2월 25일 07시,목요일,광주광역시 남구 행암동,경상사고,0,0,1,0,차대사람 - 횡단중,신호위반,포장 - 건조,맑음,단일로 - 기타,승용,여,54세,상해없음,보행자,여,48세,경상
143,2021022500100383,2021년 2월 25일 18시,목요일,광주광역시 동구 산수동,경상사고,0,0,1,0,차대사람 - 기타,안전운전불이행,포장 - 건조,맑음,단일로 - 기타,승용,남,45세,상해없음,보행자,남,52세,경상
144,2021022600100124,2021년 2월 26일 09시,금요일,광주광역시 남구 봉선동,경상사고,0,0,1,0,차대사람 - 횡단중,안전운전불이행,포장 - 건조,맑음,교차로 - 교차로횡단보도내,승용,여,38세,상해없음,보행자,남,8세,경상
145,2021022600100294,2021년 2월 26일 14시,금요일,광주광역시 동구 지산동,경상사고,0,0,1,0,차대사람 - 길가장자리구역통행중,안전운전불이행,포장 - 건조,흐림,단일로 - 기타,승용,남,39세,상해없음,보행자,남,77세,경상
146,2021022600100296,2021년 2월 26일 14시,금요일,광주광역시 광산구 송정동,중상사고,0,1,0,0,차대사람 - 횡단중,안전운전불이행,포장 - 건조,맑음,단일로 - 기타,승용,남,63세,상해없음,보행자,남,59세,중상
147,2021022600100332,2021년 2월 26일 15시,금요일,광주광역시 남구 주월동,경상사고,0,0,1,0,차대사람 - 길가장자리구역통행중,안전운전불이행,포장 - 건조,맑음,교차로 - 교차로안,승용,남,58세,상해없음,보행자,남,54세,경상
148,2021022600100453,2021년 2월 26일 18시,금요일,광주광역시 북구 우산동,중상사고,0,1,0,0,차대사람 - 횡단중,보행자보호의무위반,포장 - 건조,맑음,교차로 - 교차로부근,승용,남,64세,상해없음,보행자,남,52세,중상
149,2021022600100573,2021년 2월 26일 21시,금요일,광주광역시 북구 운암동,중상사고,0,1,0,0,차대사람 - 횡단중,안전운전불이행,포장 - 건조,흐림,단일로 - 기타,승용,여,43세,상해없음,보행자,남,63세,중상
150,2021022700100449,2021년 2월 27일 19시,토요일,광주광역시 서구 내방동,경상사고,0,0,1,0,차대사람 - 기타,안전운전불이행,포장 - 건조,맑음,단일로 - 기타,승용,남,51세,상해없음,보행자,남,52세,경상
151,2021022700100451,2021년 2월 27일 19시,토요일,광주광역시 광산구 도산동,부상신고사고,0,0,0,1,차대사람 - 횡단중,신호위반,포장 - 건조,맑음,교차로 - 교차로횡단보도내,기타불명,기타불명,미분류,기타불명,보행자,남,21세,부상신고
152,2021030100100186,2021년 3월 1일 15시,월요일,광주광역시 광산구 신가동,경상사고,0,0,1,0,차대사람 - 기타,안전운전불이행,포장 - 건조,맑음,단일로 - 기타,승용,남,33세,상해없음,보행자,남,22세,경상
153,2021030200100082,2021년 3월 2일 08시,화요일,광주광역시 동구 동명동,경상사고,0,0,1,0,차대사람 - 횡단중,안전운전불이행,포장 - 건조,맑음,교차로 - 교차로안,화물,남,77세,상해없음,보행자,여,38세,경상
154,2021030200100084,2021년 3월 2일 08시,화요일,광주광역시 남구 방림동,경상사고,0,0,1,0,차대사람 - 기타,안전운전불이행,포장 - 건조,맑음,주차장 - 주차장,승용,남,44세,상해없음,보행자,여,17세,경상
155,2021030200100293,2021년 3월 2일 15시,화요일,광주광역시 광산구 신창동,중상사고,0,1,0,0,차대사람 - 기타,안전운전불이행,포장 - 건조,맑음,기타 - 기타,개인형이동수단(PM),여,25세,상해없음,보행자,여,66세,중상
156,2021030200100408,2021년 3월 2일 18시,화요일,광주광역시 서구 농성동,경상사고,0,0,1,0,차대사람 - 기타,안전운전불이행,포장 - 건조,맑음,교차로 - 교차로횡단보도내,승합,남,45세,상해없음,보행자,남,14세,경상
157,2021030300100137,2021년 3월 3일 09시,수요일,광주광역시 광산구 도천동,중상사고,0,1,0,0,차대사람 - 기타,안전운전불이행,포장 - 건조,맑음,단일로 - 기타,화물,남,51세,상해없음,보행자,남,62세,중상
158,2021030300100260,2021년 3월 3일 13시,수요일,광주광역시 광산구 신창동,경상사고,0,0,1,0,차대사람 - 차도통행중,안전운전불이행,포장 - 건조,맑음,기타 - 기타,승용,남,22세,상해없음,보행자,여,19세,경상
159,2021030400100022,2021년 3월 4일 04시,목요일,광주광역시 동구 금동,경상사고,0,0,2,0,차대사람 - 기타,안전운전불이행,포장 - 건조,맑음,교차로 - 교차로안,승용,남,19세,상해없음,보행자,남,20세,경상
160,2021030400100028,2021년 3월 4일 05시,목요일,광주광역시 광산구 신가동,사망사고,1,0,0,0,차대사람 - 횡단중,신호위반,포장 - 건조,맑음,교차로 - 교차로횡단보도내,승용,남,54세,상해없음,보행자,여,77세,사망
161,2021030400100100,2021년 3월 4일 08시,목요일,광주광역시 서구 농성동,중상사고,0,1,0,0,차대사람 - 횡단중,보행자보호의무위반,포장 - 건조,맑음,교차로 - 교차로안,승용,남,69세,상해없음,보행자,여,36세,중상
162,2021030400100273,2021년 3월 4일 15시,목요일,광주광역시 광산구 신창동,경상사고,0,0,1,0,차대사람 - 기타,안전운전불이행,포장 - 젖음/습기,비,단일로 - 기타,승용,남,19세,상해없음,보행자,여,22세,경상
163,2021030500100337,2021년 3월 5일 15시,금요일,광주광역시 서구 화정동,중상사고,0,1,0,0,차대사람 - 기타,보행자보호의무위반,포장 - 건조,맑음,단일로 - 기타,승용,남,37세,상해없음,보행자,여,83세,중상
164,2021030600100058,2021년 3월 6일 06시,토요일,광주광역시 광산구 송정동,경상사고,0,0,1,0,차대사람 - 기타,안전운전불이행,포장 - 건조,맑음,단일로 - 기타,승용,남,49세,상해없음,보행자,남,35세,경상
165,2021030600100094,2021년 3월 6일 09시,토요일,광주광역시 광산구 우산동,경상사고,0,0,1,0,차대사람 - 횡단중,안전운전불이행,포장 - 건조,맑음,단일로 - 기타,화물,남,58세,상해없음,보행자,남,30세,경상
166,2021030600100180,2021년 3월 6일 12시,토요일,광주광역시 남구 봉선동,사망사고,1,0,0,0,차대사람 - 횡단중,신호위반,포장 - 건조,맑음,교차로 - 교차로횡단보도내,화물,남,63세,상해없음,보행자,남,76세,사망
167,2021030600100373,2021년 3월 6일 18시,토요일,광주광역시 북구 두암동,경상사고,0,0,1,0,차대사람 - 기타,신호위반,포장 - 건조,맑음,단일로 - 기타,이륜,남,19세,상해없음,보행자,여,18세,경상
168,2021030700100029,2021년 3월 7일 04시,일요일,광주광역시 서구 치평동,경상사고,0,0,1,0,차대사람 - 기타,안전운전불이행,포장 - 건조,맑음,기타 - 기타,승용,남,18세,상해없음,보행자,남,27세,경상
169,2021030700100052,2021년 3월 7일 09시,일요일,광주광역시 광산구 우산동,경상사고,0,0,1,0,차대사람 - 보도통행중,안전운전불이행,포장 - 건조,맑음,기타 - 기타,이륜,남,40세,상해없음,보행자,남,25세,경상
170,2021030700100314,2021년 3월 7일 19시,일요일,광주광역시 북구 중흥동,경상사고,0,0,1,0,차대사람 - 기타,안전운전불이행,포장 - 건조,맑음,단일로 - 기타,승용,남,29세,상해없음,보행자,여,79세,경상
171,2021030800100190,2021년 3월 8일 10시,월요일,광주광역시 동구 학동,부상신고사고,0,0,0,1,차대사람 - 기타,안전운전불이행,포장 - 건조,맑음,교차로 - 교차로안,승용,남,72세,상해없음,보행자,남,18세,부상신고
172,2021030800100335,2021년 3월 8일 15시,월요일,광주광역시 광산구 월계동,경상사고,0,0,1,0,차대사람 - 기타,기타,포장 - 건조,맑음,기타 - 기타,개인형이동수단(PM),남,40세,기타불명,보행자,남,7세,경상
173,2021030800100464,2021년 3월 8일 18시,월요일,광주광역시 광산구 월계동,중상사고,0,1,0,0,차대사람 - 기타,안전운전불이행,포장 - 건조,맑음,단일로 - 기타,승합,남,46세,상해없음,보행자,여,82세,중상
174,2021030900100290,2021년 3월 9일 15시,화요일,광주광역시 광산구 신창동,중상사고,0,1,0,0,차대사람 - 보도통행중,안전운전불이행,포장 - 건조,맑음,단일로 - 기타,승용,여,39세,상해없음,보행자,여,7세,중상
175,2021030900100358,2021년 3월 9일 17시,화요일,광주광역시 남구 봉선동,중상사고,0,1,0,0,차대사람 - 기타,안전운전불이행,포장 - 건조,맑음,단일로 - 기타,승용,여,39세,상해없음,보행자,여,49세,중상
176,2021030900100469,2021년 3월 9일 21시,화요일,광주광역시 북구 동림동,중상사고,0,1,0,0,차대사람 - 차도통행중,안전운전불이행,포장 - 건조,맑음,단일로 - 기타,승용,여,50세,상해없음,보행자,남,66세,중상
177,2021031000100006,2021년 3월 10일 00시,수요일,광주광역시 서구 쌍촌동,중상사고,0,1,0,0,차대사람 - 횡단중,안전운전불이행,포장 - 건조,맑음,교차로 - 교차로안,승용,남,24세,상해없음,보행자,남,51세,중상
178,2021031000100101,2021년 3월 10일 08시,수요일,광주광역시 북구 신용동,경상사고,0,0,1,0,차대사람 - 보도통행중,안전운전불이행,포장 - 건조,맑음,단일로 - 기타,승용,여,44세,상해없음,보행자,여,24세,경상
179,2021031000100159,2021년 3월 10일 10시,수요일,광주광역시 서구 농성동,중상사고,0,1,0,0,차대사람 - 기타,안전운전불이행,포장 - 건조,맑음,기타 - 기타,승용,남,41세,기타불명,보행자,남,58세,중상
180,2021031000100253,2021년 3월 10일 13시,수요일,광주광역시 북구 일곡동,중상사고,0,2,0,0,차대사람 - 횡단중,보행자보호의무위반,포장 - 건조,맑음,교차로 - 교차로횡단보도내,승용,여,26세,상해없음,보행자,여,79세,중상
181,2021031000100572,2021년 3월 10일 22시,수요일,광주광역시 서구 쌍촌동,중상사고,0,1,0,0,차대사람 - 기타,안전운전불이행,포장 - 건조,맑음,교차로 - 교차로안,승용,남,43세,상해없음,보행자,남,27세,중상
182,2021031100100122,2021년 3월 11일 09시,목요일,광주광역시 남구 서동,경상사고,0,0,1,0,차대사람 - 보도통행중,안전운전불이행,포장 - 건조,맑음,단일로 - 기타,승용,여,51세,상해없음,보행자,여,87세,경상
183,2021031100100146,2021년 3월 11일 10시,목요일,광주광역시 동구 계림동,경상사고,0,0,1,0,차대사람 - 길가장자리구역통행중,안전운전불이행,포장 - 건조,맑음,교차로 - 교차로부근,승용,남,56세,상해없음,보행자,여,71세,경상
184,2021031100100448,2021년 3월 11일 19시,목요일,광주광역시 광산구 월계동,경상사고,0,0,1,0,차대사람 - 기타,안전운전불이행,포장 - 건조,맑음,단일로 - 기타,승용,여,47세,상해없음,보행자,남,45세,경상
185,2021031300100214,2021년 3월 13일 12시,토요일,광주광역시 남구 월산동,경상사고,0,0,1,0,차대사람 - 횡단중,안전운전불이행,포장 - 건조,맑음,단일로 - 기타,승용,여,63세,상해없음,보행자,남,66세,경상
186,2021031400100046,2021년 3월 14일 06시,일요일,광주광역시 남구 주월동,중상사고,0,1,0,0,차대사람 - 횡단중,안전운전불이행,포장 - 건조,맑음,교차로 - 교차로안,승용,남,62세,상해없음,보행자,여,72세,중상
187,2021031400100351,2021년 3월 14일 20시,일요일,광주광역시 북구 오치동,중상사고,0,1,0,0,차대사람 - 기타,안전운전불이행,포장 - 건조,맑음,기타 - 기타,승용,여,46세,상해없음,보행자,남,50세,중상
188,2021031400100418,2021년 3월 14일 23시,일요일,광주광역시 광산구 수완동,경상사고,0,0,1,0,차대사람 - 기타,신호위반,포장 - 건조,맑음,교차로 - 교차로안,승용,남,51세,상해없음,보행자,여,33세,경상
189,2021031500100098,2021년 3월 15일 08시,월요일,광주광역시 동구 학동,경상사고,0,0,1,0,차대사람 - 기타,안전운전불이행,포장 - 건조,맑음,단일로 - 기타,승용,남,84세,상해없음,보행자,여,49세,경상
190,2021031500100281,2021년 3월 15일 14시,월요일,광주광역시 남구 봉선동,경상사고,0,0,1,0,차대사람 - 횡단중,안전운전불이행,포장 - 건조,맑음,단일로 - 기타,승용,여,59세,상해없음,보행자,남,7세,경상
191,2021031600100012,2021년 3월 16일 00시,화요일,광주광역시 동구 학동,경상사고,0,0,2,0,차대사람 - 횡단중,신호위반,포장 - 젖음/습기,비,단일로 - 기타,이륜,남,21세,상해없음,보행자,여,21세,경상
192,2021031600100086,2021년 3월 16일 07시,화요일,광주광역시 북구 두암동,경상사고,0,0,1,0,차대사람 - 횡단중,안전운전불이행,포장 - 건조,맑음,교차로 - 교차로안,승용,여,50세,상해없음,보행자,여,76세,경상
193,2021031600100219,2021년 3월 16일 11시,화요일,광주광역시 서구 농성동,경상사고,0,0,1,0,차대사람 - 기타,안전운전불이행,포장 - 건조,맑음,단일로 - 기타,화물,남,59세,상해없음,보행자,여,73세,경상
194,2021031600100417,2021년 3월 16일 17시,화요일,광주광역시 광산구 하남동,중상사고,0,1,0,0,차대사람 - 횡단중,안전운전불이행,포장 - 건조,맑음,교차로 - 교차로안,승합,남,48세,상해없음,보행자,남,33세,중상
195,2021031600100418,2021년 3월 16일 17시,화요일,광주광역시 광산구 선암동,중상사고,0,1,0,0,차대사람 - 기타,안전운전불이행,포장 - 건조,맑음,단일로 - 기타,기타불명,기타불명,미분류,기타불명,보행자,여,83세,중상
196,2021031600100505,2021년 3월 16일 19시,화요일,광주광역시 광산구 월곡동,중상사고,0,1,0,0,차대사람 - 보도통행중,안전운전불이행,포장 - 건조,맑음,단일로 - 기타,개인형이동수단(PM),남,19세,기타불명,보행자,여,66세,중상
197,2021031700100030,2021년 3월 17일 05시,수요일,광주광역시 동구 계림동,중상사고,0,1,0,0,차대사람 - 횡단중,안전운전불이행,포장 - 건조,기타,단일로 - 기타,이륜,남,72세,상해없음,보행자,여,77세,중상
198,2021031700100092,2021년 3월 17일 08시,수요일,광주광역시 남구 봉선동,경상사고,0,0,2,0,차대사람 - 횡단중,신호위반,포장 - 건조,맑음,교차로 - 교차로횡단보도내,승용,여,49세,상해없음,보행자,여,80세,경상
199,2021031700100438,2021년 3월 17일 18시,수요일,광주광역시 광산구 송정동,경상사고,0,0,1,0,차대사람 - 보도통행중,안전운전불이행,포장 - 건조,맑음,단일로 - 기타,승용,남,55세,상해없음,보행자,여,13세,경상
200,2021031800100383,2021년 3월 18일 17시,목요일,광주광역시 북구 문흥동,중상사고,0,1,0,0,차대사람 - 기타,안전운전불이행,포장 - 건조,맑음,단일로 - 기타,승용,여,47세,상해없음,보행자,여,21세,중상
201,2021031800100409,2021년 3월 18일 18시,목요일,광주광역시 북구 신안동,경상사고,0,0,1,0,차대사람 - 기타,안전운전불이행,포장 - 건조,맑음,교차로 - 교차로부근,승용,여,53세,상해없음,보행자,여,27세,경상
202,2021031800100443,2021년 3월 18일 19시,목요일,광주광역시 동구 산수동,경상사고,0,0,1,0,차대사람 - 보도통행중,기타,포장 - 건조,맑음,기타 - 기타,승용,여,57세,상해없음,보행자,남,45세,경상
203,2021031800100523,2021년 3월 18일 23시,목요일,광주광역시 동구 광산동,부상신고사고,0,0,0,1,차대사람 - 기타,안전운전불이행,포장 - 건조,맑음,기타 - 기타,승용,남,24세,상해없음,보행자,남,52세,부상신고
204,2021031900100433,2021년 3월 19일 17시,금요일,광주광역시 서구 풍암동,중상사고,0,1,0,0,차대사람 - 차도통행중,안전운전불이행,포장 - 건조,맑음,단일로 - 기타,승용,남,27세,상해없음,보행자,남,51세,중상
205,2021032000100018,2021년 3월 20일 01시,토요일,광주광역시 광산구 쌍암동,경상사고,0,0,1,0,차대사람 - 기타,안전운전불이행,포장 - 건조,맑음,단일로 - 기타,승용,남,33세,기타불명,보행자,남,39세,경상
206,2021032000100108,2021년 3월 20일 10시,토요일,광주광역시 북구 신용동,경상사고,0,0,1,0,차대사람 - 차도통행중,안전운전불이행,포장 - 젖음/습기,비,교차로 - 교차로부근,승용,여,31세,상해없음,보행자,남,11세,경상
207,2021032000100173,2021년 3월 20일 12시,토요일,광주광역시 광산구 쌍암동,경상사고,0,0,1,0,차대사람 - 횡단중,보행자보호의무위반,포장 - 젖음/습기,비,교차로 - 교차로안,승용,남,48세,상해없음,보행자,여,49세,경상
208,2021032000100466,2021년 3월 20일 21시,토요일,광주광역시 동구 학동,중상사고,0,1,0,0,차대사람 - 횡단중,안전운전불이행,포장 - 건조,맑음,교차로 - 교차로횡단보도내,승용,남,49세,상해없음,보행자,남,66세,중상
209,2021032100100008,2021년 3월 21일 00시,일요일,광주광역시 광산구 우산동,경상사고,0,0,1,0,차대사람 - 횡단중,안전운전불이행,포장 - 건조,맑음,교차로 - 교차로안,승용,남,65세,상해없음,보행자,남,28세,경상
210,2021032100100287,2021년 3월 21일 17시,일요일,광주광역시 북구 용두동,경상사고,0,0,1,0,차대사람 - 기타,안전운전불이행,포장 - 건조,맑음,교차로 - 교차로안,승용,남,65세,상해없음,보행자,남,14세,경상
211,2021032100100314,2021년 3월 21일 18시,일요일,광주광역시 서구 쌍촌동,중상사고,0,1,0,0,차대사람 - 기타,안전운전불이행,포장 - 건조,맑음,단일로 - 기타,화물,남,68세,상해없음,보행자,여,21세,중상
212,2021032200100141,2021년 3월 22일 09시,월요일,광주광역시 광산구 신촌동,경상사고,0,0,1,0,차대사람 - 기타,안전운전불이행,포장 - 건조,맑음,단일로 - 기타,승용,여,44세,상해없음,보행자,여,36세,경상
213,2021032200100303,2021년 3월 22일 14시,월요일,광주광역시 광산구 비아동,경상사고,0,0,1,0,차대사람 - 기타,안전운전불이행,포장 - 건조,맑음,기타 - 기타,승용,남,59세,상해없음,보행자,여,55세,경상
214,2021032300100356,2021년 3월 23일 16시,화요일,광주광역시 광산구 수완동,경상사고,0,0,1,0,차대사람 - 기타,안전운전불이행,포장 - 건조,맑음,단일로 - 기타,개인형이동수단(PM),여,22세,상해없음,보행자,여,55세,경상
215,2021032300100577,2021년 3월 23일 23시,화요일,광주광역시 서구 풍암동,경상사고,0,0,1,0,차대사람 - 기타,안전운전불이행,포장 - 건조,맑음,교차로 - 교차로안,화물,남,37세,상해없음,보행자,남,60세,경상
216,2021032400100112,2021년 3월 24일 08시,수요일,광주광역시 광산구 선암동,경상사고,0,0,1,0,차대사람 - 보도통행중,안전운전불이행,포장 - 건조,맑음,기타 - 기타,개인형이동수단(PM),여,27세,상해없음,보행자,남,21세,경상
217,2021032400100248,2021년 3월 24일 13시,수요일,광주광역시 북구 용두동,경상사고,0,0,1,0,차대사람 - 기타,안전운전불이행,포장 - 건조,맑음,교차로 - 교차로부근,승용,여,64세,상해없음,보행자,여,27세,경상
218,2021032400100249,2021년 3월 24일 13시,수요일,광주광역시 광산구 월계동,경상사고,0,0,1,0,차대사람 - 기타,기타,포장 - 건조,맑음,기타 - 기타,자전거,남,80세,상해없음,보행자,여,51세,경상
219,2021032400100355,2021년 3월 24일 16시,수요일,광주광역시 북구 오치동,경상사고,0,0,1,0,차대사람 - 횡단중,안전운전불이행,포장 - 건조,맑음,단일로 - 기타,승용,여,26세,기타불명,보행자,여,88세,경상
220,2021032400100399,2021년 3월 24일 17시,수요일,광주광역시 남구 봉선동,부상신고사고,0,0,0,1,차대사람 - 기타,안전운전불이행,포장 - 건조,맑음,교차로 - 교차로부근,기타불명,기타불명,미분류,기타불명,보행자,남,16세,부상신고
221,2021032400100438,2021년 3월 24일 18시,수요일,광주광역시 서구 동천동,경상사고,0,0,1,0,차대사람 - 차도통행중,안전운전불이행,포장 - 건조,맑음,단일로 - 기타,승용,남,67세,상해없음,보행자,남,9세,경상
222,2021032400100439,2021년 3월 24일 18시,수요일,광주광역시 남구 주월동,중상사고,0,1,0,0,차대사람 - 횡단중,안전운전불이행,포장 - 건조,맑음,단일로 - 기타,승용,남,35세,상해없음,보행자,여,87세,중상
223,2021032500100221,2021년 3월 25일 12시,목요일,광주광역시 서구 광천동,경상사고,0,0,1,0,차대사람 - 횡단중,안전운전불이행,포장 - 건조,맑음,단일로 - 기타,승용,여,31세,상해없음,보행자,여,28세,경상
224,2021032500100375,2021년 3월 25일 16시,목요일,광주광역시 광산구 신가동,중상사고,0,1,0,0,차대사람 - 차도통행중,안전운전불이행,포장 - 건조,맑음,단일로 - 기타,승용,여,51세,상해없음,보행자,남,49세,중상
225,2021032500100423,2021년 3월 25일 17시,목요일,광주광역시 북구 동림동,경상사고,0,0,1,0,차대사람 - 횡단중,안전운전불이행,포장 - 건조,맑음,단일로 - 기타,승용,남,47세,상해없음,보행자,여,4세,경상
226,2021032500100596,2021년 3월 25일 22시,목요일,광주광역시 광산구 수완동,경상사고,0,0,1,0,차대사람 - 기타,보행자보호의무위반,포장 - 건조,맑음,교차로 - 교차로횡단보도내,승합,남,63세,상해없음,보행자,여,57세,경상
227,2021032700100106,2021년 3월 27일 09시,토요일,광주광역시 광산구 수완동,경상사고,0,0,1,0,차대사람 - 횡단중,안전운전불이행,포장 - 건조,맑음,단일로 - 기타,승용,남,30세,상해없음,보행자,남,7세,경상
228,2021032700100244,2021년 3월 27일 13시,토요일,광주광역시 서구 농성동,중상사고,0,1,0,0,차대사람 - 횡단중,신호위반,포장 - 젖음/습기,비,단일로 - 기타,승용,남,78세,상해없음,보행자,여,59세,중상
229,2021032700100374,2021년 3월 27일 16시,토요일,광주광역시 광산구 산정동,중상사고,0,1,0,0,차대사람 - 횡단중,신호위반,포장 - 젖음/습기,비,교차로 - 교차로횡단보도내,화물,여,53세,상해없음,보행자,여,71세,중상
230,2021032700100466,2021년 3월 27일 18시,토요일,광주광역시 북구 오치동,경상사고,0,0,1,0,차대사람 - 기타,안전운전불이행,포장 - 젖음/습기,비,단일로 - 기타,승용,남,54세,상해없음,보행자,남,62세,경상
231,2021032700100515,2021년 3월 27일 19시,토요일,광주광역시 북구 문흥동,경상사고,0,0,1,0,차대사람 - 기타,기타,포장 - 젖음/습기,비,기타 - 기타,이륜,남,48세,상해없음,보행자,남,52세,경상
232,2021032700100557,2021년 3월 27일 20시,토요일,광주광역시 광산구 송정동,중상사고,0,2,0,0,차대사람 - 횡단중,신호위반,포장 - 젖음/습기,비,단일로 - 기타,원동기,남,22세,상해없음,보행자,여,38세,중상
233,2021032800100169,2021년 3월 28일 12시,일요일,광주광역시 남구 승촌동,경상사고,0,0,1,0,차대사람 - 기타,안전운전불이행,포장 - 건조,맑음,단일로 - 기타,자전거,남,15세,경상,보행자,남,70세,상해없음
234,2021032800100408,2021년 3월 28일 21시,일요일,광주광역시 북구 일곡동,부상신고사고,0,0,0,1,차대사람 - 기타,안전운전불이행,포장 - 건조,맑음,단일로 - 기타,승용,남,43세,상해없음,보행자,남,58세,부상신고
235,2021032900100193,2021년 3월 29일 10시,월요일,광주광역시 북구 두암동,경상사고,0,0,1,0,차대사람 - 길가장자리구역통행중,안전운전불이행,포장 - 건조,맑음,단일로 - 기타,승용,남,65세,상해없음,보행자,남,55세,경상
236,2021032900100367,2021년 3월 29일 15시,월요일,광주광역시 북구 양산동,중상사고,0,1,0,0,차대사람 - 횡단중,보행자보호의무위반,포장 - 건조,맑음,단일로 - 기타,승용,남,57세,상해없음,보행자,남,11세,중상
237,2021032900100556,2021년 3월 29일 21시,월요일,광주광역시 서구 풍암동,경상사고,0,0,1,0,차대사람 - 기타,안전운전불이행,포장 - 건조,맑음,단일로 - 기타,승용,남,40세,상해없음,보행자,남,52세,경상
238,2021033000100023,2021년 3월 30일 01시,화요일,광주광역시 남구 월산동,중상사고,0,1,0,0,차대사람 - 횡단중,안전운전불이행,포장 - 건조,맑음,교차로 - 교차로안,승용,남,44세,상해없음,보행자,여,85세,중상
239,2021033000100397,2021년 3월 30일 16시,화요일,광주광역시 서구 금호동,중상사고,0,1,1,0,차대사람 - 횡단중,안전운전불이행,포장 - 건조,맑음,단일로 - 기타,이륜,남,37세,중상,보행자,여,11세,경상
240,2021033100100226,2021년 3월 31일 12시,수요일,광주광역시 북구 용봉동,중상사고,0,1,1,0,차대사람 - 횡단중,신호위반,포장 - 건조,맑음,단일로 - 기타,이륜,남,27세,상해없음,보행자,여,24세,경상
241,2021033100100382,2021년 3월 31일 16시,수요일,광주광역시 북구 운암동,경상사고,0,0,1,0,차대사람 - 기타,안전운전불이행,포장 - 건조,맑음,단일로 - 기타,이륜,남,22세,경상,보행자,남,16세,상해없음
242,2021033100100383,2021년 3월 31일 16시,수요일,광주광역시 북구 북동,중상사고,0,1,0,0,차대사람 - 차도통행중,안전운전불이행,포장 - 건조,맑음,단일로 - 기타,승용,남,73세,상해없음,보행자,여,78세,중상
243,2021033100100477,2021년 3월 31일 18시,수요일,광주광역시 서구 풍암동,경상사고,0,0,2,0,차대사람 - 기타,안전운전불이행,포장 - 건조,맑음,단일로 - 기타,승용,남,29세,상해없음,보행자,여,35세,경상
244,2021033100100544,2021년 3월 31일 20시,수요일,광주광역시 광산구 하남동,중상사고,0,1,0,0,차대사람 - 기타,신호위반,포장 - 건조,맑음,교차로 - 교차로안,화물,남,51세,상해없음,보행자,남,11세,중상